"";"Class";"Sex";"Age";"Survived";"Freq"
"1";"3rd";"Male";"Child";"No";35
"2";"3rd";"Male";"Child";"No";35
"3";"3rd";"Male";"Child";"No";35
"4";"3rd";"Male";"Child";"No";35
"5";"3rd";"Male";"Child";"No";35
"6";"3rd";"Male";"Child";"No";35
"7";"3rd";"Male";"Child";"No";35
"8";"3rd";"Male";"Child";"No";35
"9";"3rd";"Male";"Child";"No";35
"10";"3rd";"Male";"Child";"No";35
"11";"3rd";"Male";"Child";"No";35
"12";"3rd";"Male";"Child";"No";35
"13";"3rd";"Male";"Child";"No";35
"14";"3rd";"Male";"Child";"No";35
"15";"3rd";"Male";"Child";"No";35
"16";"3rd";"Male";"Child";"No";35
"17";"3rd";"Male";"Child";"No";35
"18";"3rd";"Male";"Child";"No";35
"19";"3rd";"Male";"Child";"No";35
"20";"3rd";"Male";"Child";"No";35
"21";"3rd";"Male";"Child";"No";35
"22";"3rd";"Male";"Child";"No";35
"23";"3rd";"Male";"Child";"No";35
"24";"3rd";"Male";"Child";"No";35
"25";"3rd";"Male";"Child";"No";35
"26";"3rd";"Male";"Child";"No";35
"27";"3rd";"Male";"Child";"No";35
"28";"3rd";"Male";"Child";"No";35
"29";"3rd";"Male";"Child";"No";35
"30";"3rd";"Male";"Child";"No";35
"31";"3rd";"Male";"Child";"No";35
"32";"3rd";"Male";"Child";"No";35
"33";"3rd";"Male";"Child";"No";35
"34";"3rd";"Male";"Child";"No";35
"35";"3rd";"Male";"Child";"No";35
"36";"3rd";"Female";"Child";"No";17
"37";"3rd";"Female";"Child";"No";17
"38";"3rd";"Female";"Child";"No";17
"39";"3rd";"Female";"Child";"No";17
"40";"3rd";"Female";"Child";"No";17
"41";"3rd";"Female";"Child";"No";17
"42";"3rd";"Female";"Child";"No";17
"43";"3rd";"Female";"Child";"No";17
"44";"3rd";"Female";"Child";"No";17
"45";"3rd";"Female";"Child";"No";17
"46";"3rd";"Female";"Child";"No";17
"47";"3rd";"Female";"Child";"No";17
"48";"3rd";"Female";"Child";"No";17
"49";"3rd";"Female";"Child";"No";17
"50";"3rd";"Female";"Child";"No";17
"51";"3rd";"Female";"Child";"No";17
"52";"3rd";"Female";"Child";"No";17
"53";"1st";"Male";"Adult";"No";118
"54";"1st";"Male";"Adult";"No";118
"55";"1st";"Male";"Adult";"No";118
"56";"1st";"Male";"Adult";"No";118
"57";"1st";"Male";"Adult";"No";118
"58";"1st";"Male";"Adult";"No";118
"59";"1st";"Male";"Adult";"No";118
"60";"1st";"Male";"Adult";"No";118
"61";"1st";"Male";"Adult";"No";118
"62";"1st";"Male";"Adult";"No";118
"63";"1st";"Male";"Adult";"No";118
"64";"1st";"Male";"Adult";"No";118
"65";"1st";"Male";"Adult";"No";118
"66";"1st";"Male";"Adult";"No";118
"67";"1st";"Male";"Adult";"No";118
"68";"1st";"Male";"Adult";"No";118
"69";"1st";"Male";"Adult";"No";118
"70";"1st";"Male";"Adult";"No";118
"71";"1st";"Male";"Adult";"No";118
"72";"1st";"Male";"Adult";"No";118
"73";"1st";"Male";"Adult";"No";118
"74";"1st";"Male";"Adult";"No";118
"75";"1st";"Male";"Adult";"No";118
"76";"1st";"Male";"Adult";"No";118
"77";"1st";"Male";"Adult";"No";118
"78";"1st";"Male";"Adult";"No";118
"79";"1st";"Male";"Adult";"No";118
"80";"1st";"Male";"Adult";"No";118
"81";"1st";"Male";"Adult";"No";118
"82";"1st";"Male";"Adult";"No";118
"83";"1st";"Male";"Adult";"No";118
"84";"1st";"Male";"Adult";"No";118
"85";"1st";"Male";"Adult";"No";118
"86";"1st";"Male";"Adult";"No";118
"87";"1st";"Male";"Adult";"No";118
"88";"1st";"Male";"Adult";"No";118
"89";"1st";"Male";"Adult";"No";118
"90";"1st";"Male";"Adult";"No";118
"91";"1st";"Male";"Adult";"No";118
"92";"1st";"Male";"Adult";"No";118
"93";"1st";"Male";"Adult";"No";118
"94";"1st";"Male";"Adult";"No";118
"95";"1st";"Male";"Adult";"No";118
"96";"1st";"Male";"Adult";"No";118
"97";"1st";"Male";"Adult";"No";118
"98";"1st";"Male";"Adult";"No";118
"99";"1st";"Male";"Adult";"No";118
"100";"1st";"Male";"Adult";"No";118
"101";"1st";"Male";"Adult";"No";118
"102";"1st";"Male";"Adult";"No";118
"103";"1st";"Male";"Adult";"No";118
"104";"1st";"Male";"Adult";"No";118
"105";"1st";"Male";"Adult";"No";118
"106";"1st";"Male";"Adult";"No";118
"107";"1st";"Male";"Adult";"No";118
"108";"1st";"Male";"Adult";"No";118
"109";"1st";"Male";"Adult";"No";118
"110";"1st";"Male";"Adult";"No";118
"111";"1st";"Male";"Adult";"No";118
"112";"1st";"Male";"Adult";"No";118
"113";"1st";"Male";"Adult";"No";118
"114";"1st";"Male";"Adult";"No";118
"115";"1st";"Male";"Adult";"No";118
"116";"1st";"Male";"Adult";"No";118
"117";"1st";"Male";"Adult";"No";118
"118";"1st";"Male";"Adult";"No";118
"119";"1st";"Male";"Adult";"No";118
"120";"1st";"Male";"Adult";"No";118
"121";"1st";"Male";"Adult";"No";118
"122";"1st";"Male";"Adult";"No";118
"123";"1st";"Male";"Adult";"No";118
"124";"1st";"Male";"Adult";"No";118
"125";"1st";"Male";"Adult";"No";118
"126";"1st";"Male";"Adult";"No";118
"127";"1st";"Male";"Adult";"No";118
"128";"1st";"Male";"Adult";"No";118
"129";"1st";"Male";"Adult";"No";118
"130";"1st";"Male";"Adult";"No";118
"131";"1st";"Male";"Adult";"No";118
"132";"1st";"Male";"Adult";"No";118
"133";"1st";"Male";"Adult";"No";118
"134";"1st";"Male";"Adult";"No";118
"135";"1st";"Male";"Adult";"No";118
"136";"1st";"Male";"Adult";"No";118
"137";"1st";"Male";"Adult";"No";118
"138";"1st";"Male";"Adult";"No";118
"139";"1st";"Male";"Adult";"No";118
"140";"1st";"Male";"Adult";"No";118
"141";"1st";"Male";"Adult";"No";118
"142";"1st";"Male";"Adult";"No";118
"143";"1st";"Male";"Adult";"No";118
"144";"1st";"Male";"Adult";"No";118
"145";"1st";"Male";"Adult";"No";118
"146";"1st";"Male";"Adult";"No";118
"147";"1st";"Male";"Adult";"No";118
"148";"1st";"Male";"Adult";"No";118
"149";"1st";"Male";"Adult";"No";118
"150";"1st";"Male";"Adult";"No";118
"151";"1st";"Male";"Adult";"No";118
"152";"1st";"Male";"Adult";"No";118
"153";"1st";"Male";"Adult";"No";118
"154";"1st";"Male";"Adult";"No";118
"155";"1st";"Male";"Adult";"No";118
"156";"1st";"Male";"Adult";"No";118
"157";"1st";"Male";"Adult";"No";118
"158";"1st";"Male";"Adult";"No";118
"159";"1st";"Male";"Adult";"No";118
"160";"1st";"Male";"Adult";"No";118
"161";"1st";"Male";"Adult";"No";118
"162";"1st";"Male";"Adult";"No";118
"163";"1st";"Male";"Adult";"No";118
"164";"1st";"Male";"Adult";"No";118
"165";"1st";"Male";"Adult";"No";118
"166";"1st";"Male";"Adult";"No";118
"167";"1st";"Male";"Adult";"No";118
"168";"1st";"Male";"Adult";"No";118
"169";"1st";"Male";"Adult";"No";118
"170";"1st";"Male";"Adult";"No";118
"171";"2nd";"Male";"Adult";"No";154
"172";"2nd";"Male";"Adult";"No";154
"173";"2nd";"Male";"Adult";"No";154
"174";"2nd";"Male";"Adult";"No";154
"175";"2nd";"Male";"Adult";"No";154
"176";"2nd";"Male";"Adult";"No";154
"177";"2nd";"Male";"Adult";"No";154
"178";"2nd";"Male";"Adult";"No";154
"179";"2nd";"Male";"Adult";"No";154
"180";"2nd";"Male";"Adult";"No";154
"181";"2nd";"Male";"Adult";"No";154
"182";"2nd";"Male";"Adult";"No";154
"183";"2nd";"Male";"Adult";"No";154
"184";"2nd";"Male";"Adult";"No";154
"185";"2nd";"Male";"Adult";"No";154
"186";"2nd";"Male";"Adult";"No";154
"187";"2nd";"Male";"Adult";"No";154
"188";"2nd";"Male";"Adult";"No";154
"189";"2nd";"Male";"Adult";"No";154
"190";"2nd";"Male";"Adult";"No";154
"191";"2nd";"Male";"Adult";"No";154
"192";"2nd";"Male";"Adult";"No";154
"193";"2nd";"Male";"Adult";"No";154
"194";"2nd";"Male";"Adult";"No";154
"195";"2nd";"Male";"Adult";"No";154
"196";"2nd";"Male";"Adult";"No";154
"197";"2nd";"Male";"Adult";"No";154
"198";"2nd";"Male";"Adult";"No";154
"199";"2nd";"Male";"Adult";"No";154
"200";"2nd";"Male";"Adult";"No";154
"201";"2nd";"Male";"Adult";"No";154
"202";"2nd";"Male";"Adult";"No";154
"203";"2nd";"Male";"Adult";"No";154
"204";"2nd";"Male";"Adult";"No";154
"205";"2nd";"Male";"Adult";"No";154
"206";"2nd";"Male";"Adult";"No";154
"207";"2nd";"Male";"Adult";"No";154
"208";"2nd";"Male";"Adult";"No";154
"209";"2nd";"Male";"Adult";"No";154
"210";"2nd";"Male";"Adult";"No";154
"211";"2nd";"Male";"Adult";"No";154
"212";"2nd";"Male";"Adult";"No";154
"213";"2nd";"Male";"Adult";"No";154
"214";"2nd";"Male";"Adult";"No";154
"215";"2nd";"Male";"Adult";"No";154
"216";"2nd";"Male";"Adult";"No";154
"217";"2nd";"Male";"Adult";"No";154
"218";"2nd";"Male";"Adult";"No";154
"219";"2nd";"Male";"Adult";"No";154
"220";"2nd";"Male";"Adult";"No";154
"221";"2nd";"Male";"Adult";"No";154
"222";"2nd";"Male";"Adult";"No";154
"223";"2nd";"Male";"Adult";"No";154
"224";"2nd";"Male";"Adult";"No";154
"225";"2nd";"Male";"Adult";"No";154
"226";"2nd";"Male";"Adult";"No";154
"227";"2nd";"Male";"Adult";"No";154
"228";"2nd";"Male";"Adult";"No";154
"229";"2nd";"Male";"Adult";"No";154
"230";"2nd";"Male";"Adult";"No";154
"231";"2nd";"Male";"Adult";"No";154
"232";"2nd";"Male";"Adult";"No";154
"233";"2nd";"Male";"Adult";"No";154
"234";"2nd";"Male";"Adult";"No";154
"235";"2nd";"Male";"Adult";"No";154
"236";"2nd";"Male";"Adult";"No";154
"237";"2nd";"Male";"Adult";"No";154
"238";"2nd";"Male";"Adult";"No";154
"239";"2nd";"Male";"Adult";"No";154
"240";"2nd";"Male";"Adult";"No";154
"241";"2nd";"Male";"Adult";"No";154
"242";"2nd";"Male";"Adult";"No";154
"243";"2nd";"Male";"Adult";"No";154
"244";"2nd";"Male";"Adult";"No";154
"245";"2nd";"Male";"Adult";"No";154
"246";"2nd";"Male";"Adult";"No";154
"247";"2nd";"Male";"Adult";"No";154
"248";"2nd";"Male";"Adult";"No";154
"249";"2nd";"Male";"Adult";"No";154
"250";"2nd";"Male";"Adult";"No";154
"251";"2nd";"Male";"Adult";"No";154
"252";"2nd";"Male";"Adult";"No";154
"253";"2nd";"Male";"Adult";"No";154
"254";"2nd";"Male";"Adult";"No";154
"255";"2nd";"Male";"Adult";"No";154
"256";"2nd";"Male";"Adult";"No";154
"257";"2nd";"Male";"Adult";"No";154
"258";"2nd";"Male";"Adult";"No";154
"259";"2nd";"Male";"Adult";"No";154
"260";"2nd";"Male";"Adult";"No";154
"261";"2nd";"Male";"Adult";"No";154
"262";"2nd";"Male";"Adult";"No";154
"263";"2nd";"Male";"Adult";"No";154
"264";"2nd";"Male";"Adult";"No";154
"265";"2nd";"Male";"Adult";"No";154
"266";"2nd";"Male";"Adult";"No";154
"267";"2nd";"Male";"Adult";"No";154
"268";"2nd";"Male";"Adult";"No";154
"269";"2nd";"Male";"Adult";"No";154
"270";"2nd";"Male";"Adult";"No";154
"271";"2nd";"Male";"Adult";"No";154
"272";"2nd";"Male";"Adult";"No";154
"273";"2nd";"Male";"Adult";"No";154
"274";"2nd";"Male";"Adult";"No";154
"275";"2nd";"Male";"Adult";"No";154
"276";"2nd";"Male";"Adult";"No";154
"277";"2nd";"Male";"Adult";"No";154
"278";"2nd";"Male";"Adult";"No";154
"279";"2nd";"Male";"Adult";"No";154
"280";"2nd";"Male";"Adult";"No";154
"281";"2nd";"Male";"Adult";"No";154
"282";"2nd";"Male";"Adult";"No";154
"283";"2nd";"Male";"Adult";"No";154
"284";"2nd";"Male";"Adult";"No";154
"285";"2nd";"Male";"Adult";"No";154
"286";"2nd";"Male";"Adult";"No";154
"287";"2nd";"Male";"Adult";"No";154
"288";"2nd";"Male";"Adult";"No";154
"289";"2nd";"Male";"Adult";"No";154
"290";"2nd";"Male";"Adult";"No";154
"291";"2nd";"Male";"Adult";"No";154
"292";"2nd";"Male";"Adult";"No";154
"293";"2nd";"Male";"Adult";"No";154
"294";"2nd";"Male";"Adult";"No";154
"295";"2nd";"Male";"Adult";"No";154
"296";"2nd";"Male";"Adult";"No";154
"297";"2nd";"Male";"Adult";"No";154
"298";"2nd";"Male";"Adult";"No";154
"299";"2nd";"Male";"Adult";"No";154
"300";"2nd";"Male";"Adult";"No";154
"301";"2nd";"Male";"Adult";"No";154
"302";"2nd";"Male";"Adult";"No";154
"303";"2nd";"Male";"Adult";"No";154
"304";"2nd";"Male";"Adult";"No";154
"305";"2nd";"Male";"Adult";"No";154
"306";"2nd";"Male";"Adult";"No";154
"307";"2nd";"Male";"Adult";"No";154
"308";"2nd";"Male";"Adult";"No";154
"309";"2nd";"Male";"Adult";"No";154
"310";"2nd";"Male";"Adult";"No";154
"311";"2nd";"Male";"Adult";"No";154
"312";"2nd";"Male";"Adult";"No";154
"313";"2nd";"Male";"Adult";"No";154
"314";"2nd";"Male";"Adult";"No";154
"315";"2nd";"Male";"Adult";"No";154
"316";"2nd";"Male";"Adult";"No";154
"317";"2nd";"Male";"Adult";"No";154
"318";"2nd";"Male";"Adult";"No";154
"319";"2nd";"Male";"Adult";"No";154
"320";"2nd";"Male";"Adult";"No";154
"321";"2nd";"Male";"Adult";"No";154
"322";"2nd";"Male";"Adult";"No";154
"323";"2nd";"Male";"Adult";"No";154
"324";"2nd";"Male";"Adult";"No";154
"325";"3rd";"Male";"Adult";"No";387
"326";"3rd";"Male";"Adult";"No";387
"327";"3rd";"Male";"Adult";"No";387
"328";"3rd";"Male";"Adult";"No";387
"329";"3rd";"Male";"Adult";"No";387
"330";"3rd";"Male";"Adult";"No";387
"331";"3rd";"Male";"Adult";"No";387
"332";"3rd";"Male";"Adult";"No";387
"333";"3rd";"Male";"Adult";"No";387
"334";"3rd";"Male";"Adult";"No";387
"335";"3rd";"Male";"Adult";"No";387
"336";"3rd";"Male";"Adult";"No";387
"337";"3rd";"Male";"Adult";"No";387
"338";"3rd";"Male";"Adult";"No";387
"339";"3rd";"Male";"Adult";"No";387
"340";"3rd";"Male";"Adult";"No";387
"341";"3rd";"Male";"Adult";"No";387
"342";"3rd";"Male";"Adult";"No";387
"343";"3rd";"Male";"Adult";"No";387
"344";"3rd";"Male";"Adult";"No";387
"345";"3rd";"Male";"Adult";"No";387
"346";"3rd";"Male";"Adult";"No";387
"347";"3rd";"Male";"Adult";"No";387
"348";"3rd";"Male";"Adult";"No";387
"349";"3rd";"Male";"Adult";"No";387
"350";"3rd";"Male";"Adult";"No";387
"351";"3rd";"Male";"Adult";"No";387
"352";"3rd";"Male";"Adult";"No";387
"353";"3rd";"Male";"Adult";"No";387
"354";"3rd";"Male";"Adult";"No";387
"355";"3rd";"Male";"Adult";"No";387
"356";"3rd";"Male";"Adult";"No";387
"357";"3rd";"Male";"Adult";"No";387
"358";"3rd";"Male";"Adult";"No";387
"359";"3rd";"Male";"Adult";"No";387
"360";"3rd";"Male";"Adult";"No";387
"361";"3rd";"Male";"Adult";"No";387
"362";"3rd";"Male";"Adult";"No";387
"363";"3rd";"Male";"Adult";"No";387
"364";"3rd";"Male";"Adult";"No";387
"365";"3rd";"Male";"Adult";"No";387
"366";"3rd";"Male";"Adult";"No";387
"367";"3rd";"Male";"Adult";"No";387
"368";"3rd";"Male";"Adult";"No";387
"369";"3rd";"Male";"Adult";"No";387
"370";"3rd";"Male";"Adult";"No";387
"371";"3rd";"Male";"Adult";"No";387
"372";"3rd";"Male";"Adult";"No";387
"373";"3rd";"Male";"Adult";"No";387
"374";"3rd";"Male";"Adult";"No";387
"375";"3rd";"Male";"Adult";"No";387
"376";"3rd";"Male";"Adult";"No";387
"377";"3rd";"Male";"Adult";"No";387
"378";"3rd";"Male";"Adult";"No";387
"379";"3rd";"Male";"Adult";"No";387
"380";"3rd";"Male";"Adult";"No";387
"381";"3rd";"Male";"Adult";"No";387
"382";"3rd";"Male";"Adult";"No";387
"383";"3rd";"Male";"Adult";"No";387
"384";"3rd";"Male";"Adult";"No";387
"385";"3rd";"Male";"Adult";"No";387
"386";"3rd";"Male";"Adult";"No";387
"387";"3rd";"Male";"Adult";"No";387
"388";"3rd";"Male";"Adult";"No";387
"389";"3rd";"Male";"Adult";"No";387
"390";"3rd";"Male";"Adult";"No";387
"391";"3rd";"Male";"Adult";"No";387
"392";"3rd";"Male";"Adult";"No";387
"393";"3rd";"Male";"Adult";"No";387
"394";"3rd";"Male";"Adult";"No";387
"395";"3rd";"Male";"Adult";"No";387
"396";"3rd";"Male";"Adult";"No";387
"397";"3rd";"Male";"Adult";"No";387
"398";"3rd";"Male";"Adult";"No";387
"399";"3rd";"Male";"Adult";"No";387
"400";"3rd";"Male";"Adult";"No";387
"401";"3rd";"Male";"Adult";"No";387
"402";"3rd";"Male";"Adult";"No";387
"403";"3rd";"Male";"Adult";"No";387
"404";"3rd";"Male";"Adult";"No";387
"405";"3rd";"Male";"Adult";"No";387
"406";"3rd";"Male";"Adult";"No";387
"407";"3rd";"Male";"Adult";"No";387
"408";"3rd";"Male";"Adult";"No";387
"409";"3rd";"Male";"Adult";"No";387
"410";"3rd";"Male";"Adult";"No";387
"411";"3rd";"Male";"Adult";"No";387
"412";"3rd";"Male";"Adult";"No";387
"413";"3rd";"Male";"Adult";"No";387
"414";"3rd";"Male";"Adult";"No";387
"415";"3rd";"Male";"Adult";"No";387
"416";"3rd";"Male";"Adult";"No";387
"417";"3rd";"Male";"Adult";"No";387
"418";"3rd";"Male";"Adult";"No";387
"419";"3rd";"Male";"Adult";"No";387
"420";"3rd";"Male";"Adult";"No";387
"421";"3rd";"Male";"Adult";"No";387
"422";"3rd";"Male";"Adult";"No";387
"423";"3rd";"Male";"Adult";"No";387
"424";"3rd";"Male";"Adult";"No";387
"425";"3rd";"Male";"Adult";"No";387
"426";"3rd";"Male";"Adult";"No";387
"427";"3rd";"Male";"Adult";"No";387
"428";"3rd";"Male";"Adult";"No";387
"429";"3rd";"Male";"Adult";"No";387
"430";"3rd";"Male";"Adult";"No";387
"431";"3rd";"Male";"Adult";"No";387
"432";"3rd";"Male";"Adult";"No";387
"433";"3rd";"Male";"Adult";"No";387
"434";"3rd";"Male";"Adult";"No";387
"435";"3rd";"Male";"Adult";"No";387
"436";"3rd";"Male";"Adult";"No";387
"437";"3rd";"Male";"Adult";"No";387
"438";"3rd";"Male";"Adult";"No";387
"439";"3rd";"Male";"Adult";"No";387
"440";"3rd";"Male";"Adult";"No";387
"441";"3rd";"Male";"Adult";"No";387
"442";"3rd";"Male";"Adult";"No";387
"443";"3rd";"Male";"Adult";"No";387
"444";"3rd";"Male";"Adult";"No";387
"445";"3rd";"Male";"Adult";"No";387
"446";"3rd";"Male";"Adult";"No";387
"447";"3rd";"Male";"Adult";"No";387
"448";"3rd";"Male";"Adult";"No";387
"449";"3rd";"Male";"Adult";"No";387
"450";"3rd";"Male";"Adult";"No";387
"451";"3rd";"Male";"Adult";"No";387
"452";"3rd";"Male";"Adult";"No";387
"453";"3rd";"Male";"Adult";"No";387
"454";"3rd";"Male";"Adult";"No";387
"455";"3rd";"Male";"Adult";"No";387
"456";"3rd";"Male";"Adult";"No";387
"457";"3rd";"Male";"Adult";"No";387
"458";"3rd";"Male";"Adult";"No";387
"459";"3rd";"Male";"Adult";"No";387
"460";"3rd";"Male";"Adult";"No";387
"461";"3rd";"Male";"Adult";"No";387
"462";"3rd";"Male";"Adult";"No";387
"463";"3rd";"Male";"Adult";"No";387
"464";"3rd";"Male";"Adult";"No";387
"465";"3rd";"Male";"Adult";"No";387
"466";"3rd";"Male";"Adult";"No";387
"467";"3rd";"Male";"Adult";"No";387
"468";"3rd";"Male";"Adult";"No";387
"469";"3rd";"Male";"Adult";"No";387
"470";"3rd";"Male";"Adult";"No";387
"471";"3rd";"Male";"Adult";"No";387
"472";"3rd";"Male";"Adult";"No";387
"473";"3rd";"Male";"Adult";"No";387
"474";"3rd";"Male";"Adult";"No";387
"475";"3rd";"Male";"Adult";"No";387
"476";"3rd";"Male";"Adult";"No";387
"477";"3rd";"Male";"Adult";"No";387
"478";"3rd";"Male";"Adult";"No";387
"479";"3rd";"Male";"Adult";"No";387
"480";"3rd";"Male";"Adult";"No";387
"481";"3rd";"Male";"Adult";"No";387
"482";"3rd";"Male";"Adult";"No";387
"483";"3rd";"Male";"Adult";"No";387
"484";"3rd";"Male";"Adult";"No";387
"485";"3rd";"Male";"Adult";"No";387
"486";"3rd";"Male";"Adult";"No";387
"487";"3rd";"Male";"Adult";"No";387
"488";"3rd";"Male";"Adult";"No";387
"489";"3rd";"Male";"Adult";"No";387
"490";"3rd";"Male";"Adult";"No";387
"491";"3rd";"Male";"Adult";"No";387
"492";"3rd";"Male";"Adult";"No";387
"493";"3rd";"Male";"Adult";"No";387
"494";"3rd";"Male";"Adult";"No";387
"495";"3rd";"Male";"Adult";"No";387
"496";"3rd";"Male";"Adult";"No";387
"497";"3rd";"Male";"Adult";"No";387
"498";"3rd";"Male";"Adult";"No";387
"499";"3rd";"Male";"Adult";"No";387
"500";"3rd";"Male";"Adult";"No";387
"501";"3rd";"Male";"Adult";"No";387
"502";"3rd";"Male";"Adult";"No";387
"503";"3rd";"Male";"Adult";"No";387
"504";"3rd";"Male";"Adult";"No";387
"505";"3rd";"Male";"Adult";"No";387
"506";"3rd";"Male";"Adult";"No";387
"507";"3rd";"Male";"Adult";"No";387
"508";"3rd";"Male";"Adult";"No";387
"509";"3rd";"Male";"Adult";"No";387
"510";"3rd";"Male";"Adult";"No";387
"511";"3rd";"Male";"Adult";"No";387
"512";"3rd";"Male";"Adult";"No";387
"513";"3rd";"Male";"Adult";"No";387
"514";"3rd";"Male";"Adult";"No";387
"515";"3rd";"Male";"Adult";"No";387
"516";"3rd";"Male";"Adult";"No";387
"517";"3rd";"Male";"Adult";"No";387
"518";"3rd";"Male";"Adult";"No";387
"519";"3rd";"Male";"Adult";"No";387
"520";"3rd";"Male";"Adult";"No";387
"521";"3rd";"Male";"Adult";"No";387
"522";"3rd";"Male";"Adult";"No";387
"523";"3rd";"Male";"Adult";"No";387
"524";"3rd";"Male";"Adult";"No";387
"525";"3rd";"Male";"Adult";"No";387
"526";"3rd";"Male";"Adult";"No";387
"527";"3rd";"Male";"Adult";"No";387
"528";"3rd";"Male";"Adult";"No";387
"529";"3rd";"Male";"Adult";"No";387
"530";"3rd";"Male";"Adult";"No";387
"531";"3rd";"Male";"Adult";"No";387
"532";"3rd";"Male";"Adult";"No";387
"533";"3rd";"Male";"Adult";"No";387
"534";"3rd";"Male";"Adult";"No";387
"535";"3rd";"Male";"Adult";"No";387
"536";"3rd";"Male";"Adult";"No";387
"537";"3rd";"Male";"Adult";"No";387
"538";"3rd";"Male";"Adult";"No";387
"539";"3rd";"Male";"Adult";"No";387
"540";"3rd";"Male";"Adult";"No";387
"541";"3rd";"Male";"Adult";"No";387
"542";"3rd";"Male";"Adult";"No";387
"543";"3rd";"Male";"Adult";"No";387
"544";"3rd";"Male";"Adult";"No";387
"545";"3rd";"Male";"Adult";"No";387
"546";"3rd";"Male";"Adult";"No";387
"547";"3rd";"Male";"Adult";"No";387
"548";"3rd";"Male";"Adult";"No";387
"549";"3rd";"Male";"Adult";"No";387
"550";"3rd";"Male";"Adult";"No";387
"551";"3rd";"Male";"Adult";"No";387
"552";"3rd";"Male";"Adult";"No";387
"553";"3rd";"Male";"Adult";"No";387
"554";"3rd";"Male";"Adult";"No";387
"555";"3rd";"Male";"Adult";"No";387
"556";"3rd";"Male";"Adult";"No";387
"557";"3rd";"Male";"Adult";"No";387
"558";"3rd";"Male";"Adult";"No";387
"559";"3rd";"Male";"Adult";"No";387
"560";"3rd";"Male";"Adult";"No";387
"561";"3rd";"Male";"Adult";"No";387
"562";"3rd";"Male";"Adult";"No";387
"563";"3rd";"Male";"Adult";"No";387
"564";"3rd";"Male";"Adult";"No";387
"565";"3rd";"Male";"Adult";"No";387
"566";"3rd";"Male";"Adult";"No";387
"567";"3rd";"Male";"Adult";"No";387
"568";"3rd";"Male";"Adult";"No";387
"569";"3rd";"Male";"Adult";"No";387
"570";"3rd";"Male";"Adult";"No";387
"571";"3rd";"Male";"Adult";"No";387
"572";"3rd";"Male";"Adult";"No";387
"573";"3rd";"Male";"Adult";"No";387
"574";"3rd";"Male";"Adult";"No";387
"575";"3rd";"Male";"Adult";"No";387
"576";"3rd";"Male";"Adult";"No";387
"577";"3rd";"Male";"Adult";"No";387
"578";"3rd";"Male";"Adult";"No";387
"579";"3rd";"Male";"Adult";"No";387
"580";"3rd";"Male";"Adult";"No";387
"581";"3rd";"Male";"Adult";"No";387
"582";"3rd";"Male";"Adult";"No";387
"583";"3rd";"Male";"Adult";"No";387
"584";"3rd";"Male";"Adult";"No";387
"585";"3rd";"Male";"Adult";"No";387
"586";"3rd";"Male";"Adult";"No";387
"587";"3rd";"Male";"Adult";"No";387
"588";"3rd";"Male";"Adult";"No";387
"589";"3rd";"Male";"Adult";"No";387
"590";"3rd";"Male";"Adult";"No";387
"591";"3rd";"Male";"Adult";"No";387
"592";"3rd";"Male";"Adult";"No";387
"593";"3rd";"Male";"Adult";"No";387
"594";"3rd";"Male";"Adult";"No";387
"595";"3rd";"Male";"Adult";"No";387
"596";"3rd";"Male";"Adult";"No";387
"597";"3rd";"Male";"Adult";"No";387
"598";"3rd";"Male";"Adult";"No";387
"599";"3rd";"Male";"Adult";"No";387
"600";"3rd";"Male";"Adult";"No";387
"601";"3rd";"Male";"Adult";"No";387
"602";"3rd";"Male";"Adult";"No";387
"603";"3rd";"Male";"Adult";"No";387
"604";"3rd";"Male";"Adult";"No";387
"605";"3rd";"Male";"Adult";"No";387
"606";"3rd";"Male";"Adult";"No";387
"607";"3rd";"Male";"Adult";"No";387
"608";"3rd";"Male";"Adult";"No";387
"609";"3rd";"Male";"Adult";"No";387
"610";"3rd";"Male";"Adult";"No";387
"611";"3rd";"Male";"Adult";"No";387
"612";"3rd";"Male";"Adult";"No";387
"613";"3rd";"Male";"Adult";"No";387
"614";"3rd";"Male";"Adult";"No";387
"615";"3rd";"Male";"Adult";"No";387
"616";"3rd";"Male";"Adult";"No";387
"617";"3rd";"Male";"Adult";"No";387
"618";"3rd";"Male";"Adult";"No";387
"619";"3rd";"Male";"Adult";"No";387
"620";"3rd";"Male";"Adult";"No";387
"621";"3rd";"Male";"Adult";"No";387
"622";"3rd";"Male";"Adult";"No";387
"623";"3rd";"Male";"Adult";"No";387
"624";"3rd";"Male";"Adult";"No";387
"625";"3rd";"Male";"Adult";"No";387
"626";"3rd";"Male";"Adult";"No";387
"627";"3rd";"Male";"Adult";"No";387
"628";"3rd";"Male";"Adult";"No";387
"629";"3rd";"Male";"Adult";"No";387
"630";"3rd";"Male";"Adult";"No";387
"631";"3rd";"Male";"Adult";"No";387
"632";"3rd";"Male";"Adult";"No";387
"633";"3rd";"Male";"Adult";"No";387
"634";"3rd";"Male";"Adult";"No";387
"635";"3rd";"Male";"Adult";"No";387
"636";"3rd";"Male";"Adult";"No";387
"637";"3rd";"Male";"Adult";"No";387
"638";"3rd";"Male";"Adult";"No";387
"639";"3rd";"Male";"Adult";"No";387
"640";"3rd";"Male";"Adult";"No";387
"641";"3rd";"Male";"Adult";"No";387
"642";"3rd";"Male";"Adult";"No";387
"643";"3rd";"Male";"Adult";"No";387
"644";"3rd";"Male";"Adult";"No";387
"645";"3rd";"Male";"Adult";"No";387
"646";"3rd";"Male";"Adult";"No";387
"647";"3rd";"Male";"Adult";"No";387
"648";"3rd";"Male";"Adult";"No";387
"649";"3rd";"Male";"Adult";"No";387
"650";"3rd";"Male";"Adult";"No";387
"651";"3rd";"Male";"Adult";"No";387
"652";"3rd";"Male";"Adult";"No";387
"653";"3rd";"Male";"Adult";"No";387
"654";"3rd";"Male";"Adult";"No";387
"655";"3rd";"Male";"Adult";"No";387
"656";"3rd";"Male";"Adult";"No";387
"657";"3rd";"Male";"Adult";"No";387
"658";"3rd";"Male";"Adult";"No";387
"659";"3rd";"Male";"Adult";"No";387
"660";"3rd";"Male";"Adult";"No";387
"661";"3rd";"Male";"Adult";"No";387
"662";"3rd";"Male";"Adult";"No";387
"663";"3rd";"Male";"Adult";"No";387
"664";"3rd";"Male";"Adult";"No";387
"665";"3rd";"Male";"Adult";"No";387
"666";"3rd";"Male";"Adult";"No";387
"667";"3rd";"Male";"Adult";"No";387
"668";"3rd";"Male";"Adult";"No";387
"669";"3rd";"Male";"Adult";"No";387
"670";"3rd";"Male";"Adult";"No";387
"671";"3rd";"Male";"Adult";"No";387
"672";"3rd";"Male";"Adult";"No";387
"673";"3rd";"Male";"Adult";"No";387
"674";"3rd";"Male";"Adult";"No";387
"675";"3rd";"Male";"Adult";"No";387
"676";"3rd";"Male";"Adult";"No";387
"677";"3rd";"Male";"Adult";"No";387
"678";"3rd";"Male";"Adult";"No";387
"679";"3rd";"Male";"Adult";"No";387
"680";"3rd";"Male";"Adult";"No";387
"681";"3rd";"Male";"Adult";"No";387
"682";"3rd";"Male";"Adult";"No";387
"683";"3rd";"Male";"Adult";"No";387
"684";"3rd";"Male";"Adult";"No";387
"685";"3rd";"Male";"Adult";"No";387
"686";"3rd";"Male";"Adult";"No";387
"687";"3rd";"Male";"Adult";"No";387
"688";"3rd";"Male";"Adult";"No";387
"689";"3rd";"Male";"Adult";"No";387
"690";"3rd";"Male";"Adult";"No";387
"691";"3rd";"Male";"Adult";"No";387
"692";"3rd";"Male";"Adult";"No";387
"693";"3rd";"Male";"Adult";"No";387
"694";"3rd";"Male";"Adult";"No";387
"695";"3rd";"Male";"Adult";"No";387
"696";"3rd";"Male";"Adult";"No";387
"697";"3rd";"Male";"Adult";"No";387
"698";"3rd";"Male";"Adult";"No";387
"699";"3rd";"Male";"Adult";"No";387
"700";"3rd";"Male";"Adult";"No";387
"701";"3rd";"Male";"Adult";"No";387
"702";"3rd";"Male";"Adult";"No";387
"703";"3rd";"Male";"Adult";"No";387
"704";"3rd";"Male";"Adult";"No";387
"705";"3rd";"Male";"Adult";"No";387
"706";"3rd";"Male";"Adult";"No";387
"707";"3rd";"Male";"Adult";"No";387
"708";"3rd";"Male";"Adult";"No";387
"709";"3rd";"Male";"Adult";"No";387
"710";"3rd";"Male";"Adult";"No";387
"711";"3rd";"Male";"Adult";"No";387
"712";"Crew";"Male";"Adult";"No";670
"713";"Crew";"Male";"Adult";"No";670
"714";"Crew";"Male";"Adult";"No";670
"715";"Crew";"Male";"Adult";"No";670
"716";"Crew";"Male";"Adult";"No";670
"717";"Crew";"Male";"Adult";"No";670
"718";"Crew";"Male";"Adult";"No";670
"719";"Crew";"Male";"Adult";"No";670
"720";"Crew";"Male";"Adult";"No";670
"721";"Crew";"Male";"Adult";"No";670
"722";"Crew";"Male";"Adult";"No";670
"723";"Crew";"Male";"Adult";"No";670
"724";"Crew";"Male";"Adult";"No";670
"725";"Crew";"Male";"Adult";"No";670
"726";"Crew";"Male";"Adult";"No";670
"727";"Crew";"Male";"Adult";"No";670
"728";"Crew";"Male";"Adult";"No";670
"729";"Crew";"Male";"Adult";"No";670
"730";"Crew";"Male";"Adult";"No";670
"731";"Crew";"Male";"Adult";"No";670
"732";"Crew";"Male";"Adult";"No";670
"733";"Crew";"Male";"Adult";"No";670
"734";"Crew";"Male";"Adult";"No";670
"735";"Crew";"Male";"Adult";"No";670
"736";"Crew";"Male";"Adult";"No";670
"737";"Crew";"Male";"Adult";"No";670
"738";"Crew";"Male";"Adult";"No";670
"739";"Crew";"Male";"Adult";"No";670
"740";"Crew";"Male";"Adult";"No";670
"741";"Crew";"Male";"Adult";"No";670
"742";"Crew";"Male";"Adult";"No";670
"743";"Crew";"Male";"Adult";"No";670
"744";"Crew";"Male";"Adult";"No";670
"745";"Crew";"Male";"Adult";"No";670
"746";"Crew";"Male";"Adult";"No";670
"747";"Crew";"Male";"Adult";"No";670
"748";"Crew";"Male";"Adult";"No";670
"749";"Crew";"Male";"Adult";"No";670
"750";"Crew";"Male";"Adult";"No";670
"751";"Crew";"Male";"Adult";"No";670
"752";"Crew";"Male";"Adult";"No";670
"753";"Crew";"Male";"Adult";"No";670
"754";"Crew";"Male";"Adult";"No";670
"755";"Crew";"Male";"Adult";"No";670
"756";"Crew";"Male";"Adult";"No";670
"757";"Crew";"Male";"Adult";"No";670
"758";"Crew";"Male";"Adult";"No";670
"759";"Crew";"Male";"Adult";"No";670
"760";"Crew";"Male";"Adult";"No";670
"761";"Crew";"Male";"Adult";"No";670
"762";"Crew";"Male";"Adult";"No";670
"763";"Crew";"Male";"Adult";"No";670
"764";"Crew";"Male";"Adult";"No";670
"765";"Crew";"Male";"Adult";"No";670
"766";"Crew";"Male";"Adult";"No";670
"767";"Crew";"Male";"Adult";"No";670
"768";"Crew";"Male";"Adult";"No";670
"769";"Crew";"Male";"Adult";"No";670
"770";"Crew";"Male";"Adult";"No";670
"771";"Crew";"Male";"Adult";"No";670
"772";"Crew";"Male";"Adult";"No";670
"773";"Crew";"Male";"Adult";"No";670
"774";"Crew";"Male";"Adult";"No";670
"775";"Crew";"Male";"Adult";"No";670
"776";"Crew";"Male";"Adult";"No";670
"777";"Crew";"Male";"Adult";"No";670
"778";"Crew";"Male";"Adult";"No";670
"779";"Crew";"Male";"Adult";"No";670
"780";"Crew";"Male";"Adult";"No";670
"781";"Crew";"Male";"Adult";"No";670
"782";"Crew";"Male";"Adult";"No";670
"783";"Crew";"Male";"Adult";"No";670
"784";"Crew";"Male";"Adult";"No";670
"785";"Crew";"Male";"Adult";"No";670
"786";"Crew";"Male";"Adult";"No";670
"787";"Crew";"Male";"Adult";"No";670
"788";"Crew";"Male";"Adult";"No";670
"789";"Crew";"Male";"Adult";"No";670
"790";"Crew";"Male";"Adult";"No";670
"791";"Crew";"Male";"Adult";"No";670
"792";"Crew";"Male";"Adult";"No";670
"793";"Crew";"Male";"Adult";"No";670
"794";"Crew";"Male";"Adult";"No";670
"795";"Crew";"Male";"Adult";"No";670
"796";"Crew";"Male";"Adult";"No";670
"797";"Crew";"Male";"Adult";"No";670
"798";"Crew";"Male";"Adult";"No";670
"799";"Crew";"Male";"Adult";"No";670
"800";"Crew";"Male";"Adult";"No";670
"801";"Crew";"Male";"Adult";"No";670
"802";"Crew";"Male";"Adult";"No";670
"803";"Crew";"Male";"Adult";"No";670
"804";"Crew";"Male";"Adult";"No";670
"805";"Crew";"Male";"Adult";"No";670
"806";"Crew";"Male";"Adult";"No";670
"807";"Crew";"Male";"Adult";"No";670
"808";"Crew";"Male";"Adult";"No";670
"809";"Crew";"Male";"Adult";"No";670
"810";"Crew";"Male";"Adult";"No";670
"811";"Crew";"Male";"Adult";"No";670
"812";"Crew";"Male";"Adult";"No";670
"813";"Crew";"Male";"Adult";"No";670
"814";"Crew";"Male";"Adult";"No";670
"815";"Crew";"Male";"Adult";"No";670
"816";"Crew";"Male";"Adult";"No";670
"817";"Crew";"Male";"Adult";"No";670
"818";"Crew";"Male";"Adult";"No";670
"819";"Crew";"Male";"Adult";"No";670
"820";"Crew";"Male";"Adult";"No";670
"821";"Crew";"Male";"Adult";"No";670
"822";"Crew";"Male";"Adult";"No";670
"823";"Crew";"Male";"Adult";"No";670
"824";"Crew";"Male";"Adult";"No";670
"825";"Crew";"Male";"Adult";"No";670
"826";"Crew";"Male";"Adult";"No";670
"827";"Crew";"Male";"Adult";"No";670
"828";"Crew";"Male";"Adult";"No";670
"829";"Crew";"Male";"Adult";"No";670
"830";"Crew";"Male";"Adult";"No";670
"831";"Crew";"Male";"Adult";"No";670
"832";"Crew";"Male";"Adult";"No";670
"833";"Crew";"Male";"Adult";"No";670
"834";"Crew";"Male";"Adult";"No";670
"835";"Crew";"Male";"Adult";"No";670
"836";"Crew";"Male";"Adult";"No";670
"837";"Crew";"Male";"Adult";"No";670
"838";"Crew";"Male";"Adult";"No";670
"839";"Crew";"Male";"Adult";"No";670
"840";"Crew";"Male";"Adult";"No";670
"841";"Crew";"Male";"Adult";"No";670
"842";"Crew";"Male";"Adult";"No";670
"843";"Crew";"Male";"Adult";"No";670
"844";"Crew";"Male";"Adult";"No";670
"845";"Crew";"Male";"Adult";"No";670
"846";"Crew";"Male";"Adult";"No";670
"847";"Crew";"Male";"Adult";"No";670
"848";"Crew";"Male";"Adult";"No";670
"849";"Crew";"Male";"Adult";"No";670
"850";"Crew";"Male";"Adult";"No";670
"851";"Crew";"Male";"Adult";"No";670
"852";"Crew";"Male";"Adult";"No";670
"853";"Crew";"Male";"Adult";"No";670
"854";"Crew";"Male";"Adult";"No";670
"855";"Crew";"Male";"Adult";"No";670
"856";"Crew";"Male";"Adult";"No";670
"857";"Crew";"Male";"Adult";"No";670
"858";"Crew";"Male";"Adult";"No";670
"859";"Crew";"Male";"Adult";"No";670
"860";"Crew";"Male";"Adult";"No";670
"861";"Crew";"Male";"Adult";"No";670
"862";"Crew";"Male";"Adult";"No";670
"863";"Crew";"Male";"Adult";"No";670
"864";"Crew";"Male";"Adult";"No";670
"865";"Crew";"Male";"Adult";"No";670
"866";"Crew";"Male";"Adult";"No";670
"867";"Crew";"Male";"Adult";"No";670
"868";"Crew";"Male";"Adult";"No";670
"869";"Crew";"Male";"Adult";"No";670
"870";"Crew";"Male";"Adult";"No";670
"871";"Crew";"Male";"Adult";"No";670
"872";"Crew";"Male";"Adult";"No";670
"873";"Crew";"Male";"Adult";"No";670
"874";"Crew";"Male";"Adult";"No";670
"875";"Crew";"Male";"Adult";"No";670
"876";"Crew";"Male";"Adult";"No";670
"877";"Crew";"Male";"Adult";"No";670
"878";"Crew";"Male";"Adult";"No";670
"879";"Crew";"Male";"Adult";"No";670
"880";"Crew";"Male";"Adult";"No";670
"881";"Crew";"Male";"Adult";"No";670
"882";"Crew";"Male";"Adult";"No";670
"883";"Crew";"Male";"Adult";"No";670
"884";"Crew";"Male";"Adult";"No";670
"885";"Crew";"Male";"Adult";"No";670
"886";"Crew";"Male";"Adult";"No";670
"887";"Crew";"Male";"Adult";"No";670
"888";"Crew";"Male";"Adult";"No";670
"889";"Crew";"Male";"Adult";"No";670
"890";"Crew";"Male";"Adult";"No";670
"891";"Crew";"Male";"Adult";"No";670
"892";"Crew";"Male";"Adult";"No";670
"893";"Crew";"Male";"Adult";"No";670
"894";"Crew";"Male";"Adult";"No";670
"895";"Crew";"Male";"Adult";"No";670
"896";"Crew";"Male";"Adult";"No";670
"897";"Crew";"Male";"Adult";"No";670
"898";"Crew";"Male";"Adult";"No";670
"899";"Crew";"Male";"Adult";"No";670
"900";"Crew";"Male";"Adult";"No";670
"901";"Crew";"Male";"Adult";"No";670
"902";"Crew";"Male";"Adult";"No";670
"903";"Crew";"Male";"Adult";"No";670
"904";"Crew";"Male";"Adult";"No";670
"905";"Crew";"Male";"Adult";"No";670
"906";"Crew";"Male";"Adult";"No";670
"907";"Crew";"Male";"Adult";"No";670
"908";"Crew";"Male";"Adult";"No";670
"909";"Crew";"Male";"Adult";"No";670
"910";"Crew";"Male";"Adult";"No";670
"911";"Crew";"Male";"Adult";"No";670
"912";"Crew";"Male";"Adult";"No";670
"913";"Crew";"Male";"Adult";"No";670
"914";"Crew";"Male";"Adult";"No";670
"915";"Crew";"Male";"Adult";"No";670
"916";"Crew";"Male";"Adult";"No";670
"917";"Crew";"Male";"Adult";"No";670
"918";"Crew";"Male";"Adult";"No";670
"919";"Crew";"Male";"Adult";"No";670
"920";"Crew";"Male";"Adult";"No";670
"921";"Crew";"Male";"Adult";"No";670
"922";"Crew";"Male";"Adult";"No";670
"923";"Crew";"Male";"Adult";"No";670
"924";"Crew";"Male";"Adult";"No";670
"925";"Crew";"Male";"Adult";"No";670
"926";"Crew";"Male";"Adult";"No";670
"927";"Crew";"Male";"Adult";"No";670
"928";"Crew";"Male";"Adult";"No";670
"929";"Crew";"Male";"Adult";"No";670
"930";"Crew";"Male";"Adult";"No";670
"931";"Crew";"Male";"Adult";"No";670
"932";"Crew";"Male";"Adult";"No";670
"933";"Crew";"Male";"Adult";"No";670
"934";"Crew";"Male";"Adult";"No";670
"935";"Crew";"Male";"Adult";"No";670
"936";"Crew";"Male";"Adult";"No";670
"937";"Crew";"Male";"Adult";"No";670
"938";"Crew";"Male";"Adult";"No";670
"939";"Crew";"Male";"Adult";"No";670
"940";"Crew";"Male";"Adult";"No";670
"941";"Crew";"Male";"Adult";"No";670
"942";"Crew";"Male";"Adult";"No";670
"943";"Crew";"Male";"Adult";"No";670
"944";"Crew";"Male";"Adult";"No";670
"945";"Crew";"Male";"Adult";"No";670
"946";"Crew";"Male";"Adult";"No";670
"947";"Crew";"Male";"Adult";"No";670
"948";"Crew";"Male";"Adult";"No";670
"949";"Crew";"Male";"Adult";"No";670
"950";"Crew";"Male";"Adult";"No";670
"951";"Crew";"Male";"Adult";"No";670
"952";"Crew";"Male";"Adult";"No";670
"953";"Crew";"Male";"Adult";"No";670
"954";"Crew";"Male";"Adult";"No";670
"955";"Crew";"Male";"Adult";"No";670
"956";"Crew";"Male";"Adult";"No";670
"957";"Crew";"Male";"Adult";"No";670
"958";"Crew";"Male";"Adult";"No";670
"959";"Crew";"Male";"Adult";"No";670
"960";"Crew";"Male";"Adult";"No";670
"961";"Crew";"Male";"Adult";"No";670
"962";"Crew";"Male";"Adult";"No";670
"963";"Crew";"Male";"Adult";"No";670
"964";"Crew";"Male";"Adult";"No";670
"965";"Crew";"Male";"Adult";"No";670
"966";"Crew";"Male";"Adult";"No";670
"967";"Crew";"Male";"Adult";"No";670
"968";"Crew";"Male";"Adult";"No";670
"969";"Crew";"Male";"Adult";"No";670
"970";"Crew";"Male";"Adult";"No";670
"971";"Crew";"Male";"Adult";"No";670
"972";"Crew";"Male";"Adult";"No";670
"973";"Crew";"Male";"Adult";"No";670
"974";"Crew";"Male";"Adult";"No";670
"975";"Crew";"Male";"Adult";"No";670
"976";"Crew";"Male";"Adult";"No";670
"977";"Crew";"Male";"Adult";"No";670
"978";"Crew";"Male";"Adult";"No";670
"979";"Crew";"Male";"Adult";"No";670
"980";"Crew";"Male";"Adult";"No";670
"981";"Crew";"Male";"Adult";"No";670
"982";"Crew";"Male";"Adult";"No";670
"983";"Crew";"Male";"Adult";"No";670
"984";"Crew";"Male";"Adult";"No";670
"985";"Crew";"Male";"Adult";"No";670
"986";"Crew";"Male";"Adult";"No";670
"987";"Crew";"Male";"Adult";"No";670
"988";"Crew";"Male";"Adult";"No";670
"989";"Crew";"Male";"Adult";"No";670
"990";"Crew";"Male";"Adult";"No";670
"991";"Crew";"Male";"Adult";"No";670
"992";"Crew";"Male";"Adult";"No";670
"993";"Crew";"Male";"Adult";"No";670
"994";"Crew";"Male";"Adult";"No";670
"995";"Crew";"Male";"Adult";"No";670
"996";"Crew";"Male";"Adult";"No";670
"997";"Crew";"Male";"Adult";"No";670
"998";"Crew";"Male";"Adult";"No";670
"999";"Crew";"Male";"Adult";"No";670
"1000";"Crew";"Male";"Adult";"No";670
"1001";"Crew";"Male";"Adult";"No";670
"1002";"Crew";"Male";"Adult";"No";670
"1003";"Crew";"Male";"Adult";"No";670
"1004";"Crew";"Male";"Adult";"No";670
"1005";"Crew";"Male";"Adult";"No";670
"1006";"Crew";"Male";"Adult";"No";670
"1007";"Crew";"Male";"Adult";"No";670
"1008";"Crew";"Male";"Adult";"No";670
"1009";"Crew";"Male";"Adult";"No";670
"1010";"Crew";"Male";"Adult";"No";670
"1011";"Crew";"Male";"Adult";"No";670
"1012";"Crew";"Male";"Adult";"No";670
"1013";"Crew";"Male";"Adult";"No";670
"1014";"Crew";"Male";"Adult";"No";670
"1015";"Crew";"Male";"Adult";"No";670
"1016";"Crew";"Male";"Adult";"No";670
"1017";"Crew";"Male";"Adult";"No";670
"1018";"Crew";"Male";"Adult";"No";670
"1019";"Crew";"Male";"Adult";"No";670
"1020";"Crew";"Male";"Adult";"No";670
"1021";"Crew";"Male";"Adult";"No";670
"1022";"Crew";"Male";"Adult";"No";670
"1023";"Crew";"Male";"Adult";"No";670
"1024";"Crew";"Male";"Adult";"No";670
"1025";"Crew";"Male";"Adult";"No";670
"1026";"Crew";"Male";"Adult";"No";670
"1027";"Crew";"Male";"Adult";"No";670
"1028";"Crew";"Male";"Adult";"No";670
"1029";"Crew";"Male";"Adult";"No";670
"1030";"Crew";"Male";"Adult";"No";670
"1031";"Crew";"Male";"Adult";"No";670
"1032";"Crew";"Male";"Adult";"No";670
"1033";"Crew";"Male";"Adult";"No";670
"1034";"Crew";"Male";"Adult";"No";670
"1035";"Crew";"Male";"Adult";"No";670
"1036";"Crew";"Male";"Adult";"No";670
"1037";"Crew";"Male";"Adult";"No";670
"1038";"Crew";"Male";"Adult";"No";670
"1039";"Crew";"Male";"Adult";"No";670
"1040";"Crew";"Male";"Adult";"No";670
"1041";"Crew";"Male";"Adult";"No";670
"1042";"Crew";"Male";"Adult";"No";670
"1043";"Crew";"Male";"Adult";"No";670
"1044";"Crew";"Male";"Adult";"No";670
"1045";"Crew";"Male";"Adult";"No";670
"1046";"Crew";"Male";"Adult";"No";670
"1047";"Crew";"Male";"Adult";"No";670
"1048";"Crew";"Male";"Adult";"No";670
"1049";"Crew";"Male";"Adult";"No";670
"1050";"Crew";"Male";"Adult";"No";670
"1051";"Crew";"Male";"Adult";"No";670
"1052";"Crew";"Male";"Adult";"No";670
"1053";"Crew";"Male";"Adult";"No";670
"1054";"Crew";"Male";"Adult";"No";670
"1055";"Crew";"Male";"Adult";"No";670
"1056";"Crew";"Male";"Adult";"No";670
"1057";"Crew";"Male";"Adult";"No";670
"1058";"Crew";"Male";"Adult";"No";670
"1059";"Crew";"Male";"Adult";"No";670
"1060";"Crew";"Male";"Adult";"No";670
"1061";"Crew";"Male";"Adult";"No";670
"1062";"Crew";"Male";"Adult";"No";670
"1063";"Crew";"Male";"Adult";"No";670
"1064";"Crew";"Male";"Adult";"No";670
"1065";"Crew";"Male";"Adult";"No";670
"1066";"Crew";"Male";"Adult";"No";670
"1067";"Crew";"Male";"Adult";"No";670
"1068";"Crew";"Male";"Adult";"No";670
"1069";"Crew";"Male";"Adult";"No";670
"1070";"Crew";"Male";"Adult";"No";670
"1071";"Crew";"Male";"Adult";"No";670
"1072";"Crew";"Male";"Adult";"No";670
"1073";"Crew";"Male";"Adult";"No";670
"1074";"Crew";"Male";"Adult";"No";670
"1075";"Crew";"Male";"Adult";"No";670
"1076";"Crew";"Male";"Adult";"No";670
"1077";"Crew";"Male";"Adult";"No";670
"1078";"Crew";"Male";"Adult";"No";670
"1079";"Crew";"Male";"Adult";"No";670
"1080";"Crew";"Male";"Adult";"No";670
"1081";"Crew";"Male";"Adult";"No";670
"1082";"Crew";"Male";"Adult";"No";670
"1083";"Crew";"Male";"Adult";"No";670
"1084";"Crew";"Male";"Adult";"No";670
"1085";"Crew";"Male";"Adult";"No";670
"1086";"Crew";"Male";"Adult";"No";670
"1087";"Crew";"Male";"Adult";"No";670
"1088";"Crew";"Male";"Adult";"No";670
"1089";"Crew";"Male";"Adult";"No";670
"1090";"Crew";"Male";"Adult";"No";670
"1091";"Crew";"Male";"Adult";"No";670
"1092";"Crew";"Male";"Adult";"No";670
"1093";"Crew";"Male";"Adult";"No";670
"1094";"Crew";"Male";"Adult";"No";670
"1095";"Crew";"Male";"Adult";"No";670
"1096";"Crew";"Male";"Adult";"No";670
"1097";"Crew";"Male";"Adult";"No";670
"1098";"Crew";"Male";"Adult";"No";670
"1099";"Crew";"Male";"Adult";"No";670
"1100";"Crew";"Male";"Adult";"No";670
"1101";"Crew";"Male";"Adult";"No";670
"1102";"Crew";"Male";"Adult";"No";670
"1103";"Crew";"Male";"Adult";"No";670
"1104";"Crew";"Male";"Adult";"No";670
"1105";"Crew";"Male";"Adult";"No";670
"1106";"Crew";"Male";"Adult";"No";670
"1107";"Crew";"Male";"Adult";"No";670
"1108";"Crew";"Male";"Adult";"No";670
"1109";"Crew";"Male";"Adult";"No";670
"1110";"Crew";"Male";"Adult";"No";670
"1111";"Crew";"Male";"Adult";"No";670
"1112";"Crew";"Male";"Adult";"No";670
"1113";"Crew";"Male";"Adult";"No";670
"1114";"Crew";"Male";"Adult";"No";670
"1115";"Crew";"Male";"Adult";"No";670
"1116";"Crew";"Male";"Adult";"No";670
"1117";"Crew";"Male";"Adult";"No";670
"1118";"Crew";"Male";"Adult";"No";670
"1119";"Crew";"Male";"Adult";"No";670
"1120";"Crew";"Male";"Adult";"No";670
"1121";"Crew";"Male";"Adult";"No";670
"1122";"Crew";"Male";"Adult";"No";670
"1123";"Crew";"Male";"Adult";"No";670
"1124";"Crew";"Male";"Adult";"No";670
"1125";"Crew";"Male";"Adult";"No";670
"1126";"Crew";"Male";"Adult";"No";670
"1127";"Crew";"Male";"Adult";"No";670
"1128";"Crew";"Male";"Adult";"No";670
"1129";"Crew";"Male";"Adult";"No";670
"1130";"Crew";"Male";"Adult";"No";670
"1131";"Crew";"Male";"Adult";"No";670
"1132";"Crew";"Male";"Adult";"No";670
"1133";"Crew";"Male";"Adult";"No";670
"1134";"Crew";"Male";"Adult";"No";670
"1135";"Crew";"Male";"Adult";"No";670
"1136";"Crew";"Male";"Adult";"No";670
"1137";"Crew";"Male";"Adult";"No";670
"1138";"Crew";"Male";"Adult";"No";670
"1139";"Crew";"Male";"Adult";"No";670
"1140";"Crew";"Male";"Adult";"No";670
"1141";"Crew";"Male";"Adult";"No";670
"1142";"Crew";"Male";"Adult";"No";670
"1143";"Crew";"Male";"Adult";"No";670
"1144";"Crew";"Male";"Adult";"No";670
"1145";"Crew";"Male";"Adult";"No";670
"1146";"Crew";"Male";"Adult";"No";670
"1147";"Crew";"Male";"Adult";"No";670
"1148";"Crew";"Male";"Adult";"No";670
"1149";"Crew";"Male";"Adult";"No";670
"1150";"Crew";"Male";"Adult";"No";670
"1151";"Crew";"Male";"Adult";"No";670
"1152";"Crew";"Male";"Adult";"No";670
"1153";"Crew";"Male";"Adult";"No";670
"1154";"Crew";"Male";"Adult";"No";670
"1155";"Crew";"Male";"Adult";"No";670
"1156";"Crew";"Male";"Adult";"No";670
"1157";"Crew";"Male";"Adult";"No";670
"1158";"Crew";"Male";"Adult";"No";670
"1159";"Crew";"Male";"Adult";"No";670
"1160";"Crew";"Male";"Adult";"No";670
"1161";"Crew";"Male";"Adult";"No";670
"1162";"Crew";"Male";"Adult";"No";670
"1163";"Crew";"Male";"Adult";"No";670
"1164";"Crew";"Male";"Adult";"No";670
"1165";"Crew";"Male";"Adult";"No";670
"1166";"Crew";"Male";"Adult";"No";670
"1167";"Crew";"Male";"Adult";"No";670
"1168";"Crew";"Male";"Adult";"No";670
"1169";"Crew";"Male";"Adult";"No";670
"1170";"Crew";"Male";"Adult";"No";670
"1171";"Crew";"Male";"Adult";"No";670
"1172";"Crew";"Male";"Adult";"No";670
"1173";"Crew";"Male";"Adult";"No";670
"1174";"Crew";"Male";"Adult";"No";670
"1175";"Crew";"Male";"Adult";"No";670
"1176";"Crew";"Male";"Adult";"No";670
"1177";"Crew";"Male";"Adult";"No";670
"1178";"Crew";"Male";"Adult";"No";670
"1179";"Crew";"Male";"Adult";"No";670
"1180";"Crew";"Male";"Adult";"No";670
"1181";"Crew";"Male";"Adult";"No";670
"1182";"Crew";"Male";"Adult";"No";670
"1183";"Crew";"Male";"Adult";"No";670
"1184";"Crew";"Male";"Adult";"No";670
"1185";"Crew";"Male";"Adult";"No";670
"1186";"Crew";"Male";"Adult";"No";670
"1187";"Crew";"Male";"Adult";"No";670
"1188";"Crew";"Male";"Adult";"No";670
"1189";"Crew";"Male";"Adult";"No";670
"1190";"Crew";"Male";"Adult";"No";670
"1191";"Crew";"Male";"Adult";"No";670
"1192";"Crew";"Male";"Adult";"No";670
"1193";"Crew";"Male";"Adult";"No";670
"1194";"Crew";"Male";"Adult";"No";670
"1195";"Crew";"Male";"Adult";"No";670
"1196";"Crew";"Male";"Adult";"No";670
"1197";"Crew";"Male";"Adult";"No";670
"1198";"Crew";"Male";"Adult";"No";670
"1199";"Crew";"Male";"Adult";"No";670
"1200";"Crew";"Male";"Adult";"No";670
"1201";"Crew";"Male";"Adult";"No";670
"1202";"Crew";"Male";"Adult";"No";670
"1203";"Crew";"Male";"Adult";"No";670
"1204";"Crew";"Male";"Adult";"No";670
"1205";"Crew";"Male";"Adult";"No";670
"1206";"Crew";"Male";"Adult";"No";670
"1207";"Crew";"Male";"Adult";"No";670
"1208";"Crew";"Male";"Adult";"No";670
"1209";"Crew";"Male";"Adult";"No";670
"1210";"Crew";"Male";"Adult";"No";670
"1211";"Crew";"Male";"Adult";"No";670
"1212";"Crew";"Male";"Adult";"No";670
"1213";"Crew";"Male";"Adult";"No";670
"1214";"Crew";"Male";"Adult";"No";670
"1215";"Crew";"Male";"Adult";"No";670
"1216";"Crew";"Male";"Adult";"No";670
"1217";"Crew";"Male";"Adult";"No";670
"1218";"Crew";"Male";"Adult";"No";670
"1219";"Crew";"Male";"Adult";"No";670
"1220";"Crew";"Male";"Adult";"No";670
"1221";"Crew";"Male";"Adult";"No";670
"1222";"Crew";"Male";"Adult";"No";670
"1223";"Crew";"Male";"Adult";"No";670
"1224";"Crew";"Male";"Adult";"No";670
"1225";"Crew";"Male";"Adult";"No";670
"1226";"Crew";"Male";"Adult";"No";670
"1227";"Crew";"Male";"Adult";"No";670
"1228";"Crew";"Male";"Adult";"No";670
"1229";"Crew";"Male";"Adult";"No";670
"1230";"Crew";"Male";"Adult";"No";670
"1231";"Crew";"Male";"Adult";"No";670
"1232";"Crew";"Male";"Adult";"No";670
"1233";"Crew";"Male";"Adult";"No";670
"1234";"Crew";"Male";"Adult";"No";670
"1235";"Crew";"Male";"Adult";"No";670
"1236";"Crew";"Male";"Adult";"No";670
"1237";"Crew";"Male";"Adult";"No";670
"1238";"Crew";"Male";"Adult";"No";670
"1239";"Crew";"Male";"Adult";"No";670
"1240";"Crew";"Male";"Adult";"No";670
"1241";"Crew";"Male";"Adult";"No";670
"1242";"Crew";"Male";"Adult";"No";670
"1243";"Crew";"Male";"Adult";"No";670
"1244";"Crew";"Male";"Adult";"No";670
"1245";"Crew";"Male";"Adult";"No";670
"1246";"Crew";"Male";"Adult";"No";670
"1247";"Crew";"Male";"Adult";"No";670
"1248";"Crew";"Male";"Adult";"No";670
"1249";"Crew";"Male";"Adult";"No";670
"1250";"Crew";"Male";"Adult";"No";670
"1251";"Crew";"Male";"Adult";"No";670
"1252";"Crew";"Male";"Adult";"No";670
"1253";"Crew";"Male";"Adult";"No";670
"1254";"Crew";"Male";"Adult";"No";670
"1255";"Crew";"Male";"Adult";"No";670
"1256";"Crew";"Male";"Adult";"No";670
"1257";"Crew";"Male";"Adult";"No";670
"1258";"Crew";"Male";"Adult";"No";670
"1259";"Crew";"Male";"Adult";"No";670
"1260";"Crew";"Male";"Adult";"No";670
"1261";"Crew";"Male";"Adult";"No";670
"1262";"Crew";"Male";"Adult";"No";670
"1263";"Crew";"Male";"Adult";"No";670
"1264";"Crew";"Male";"Adult";"No";670
"1265";"Crew";"Male";"Adult";"No";670
"1266";"Crew";"Male";"Adult";"No";670
"1267";"Crew";"Male";"Adult";"No";670
"1268";"Crew";"Male";"Adult";"No";670
"1269";"Crew";"Male";"Adult";"No";670
"1270";"Crew";"Male";"Adult";"No";670
"1271";"Crew";"Male";"Adult";"No";670
"1272";"Crew";"Male";"Adult";"No";670
"1273";"Crew";"Male";"Adult";"No";670
"1274";"Crew";"Male";"Adult";"No";670
"1275";"Crew";"Male";"Adult";"No";670
"1276";"Crew";"Male";"Adult";"No";670
"1277";"Crew";"Male";"Adult";"No";670
"1278";"Crew";"Male";"Adult";"No";670
"1279";"Crew";"Male";"Adult";"No";670
"1280";"Crew";"Male";"Adult";"No";670
"1281";"Crew";"Male";"Adult";"No";670
"1282";"Crew";"Male";"Adult";"No";670
"1283";"Crew";"Male";"Adult";"No";670
"1284";"Crew";"Male";"Adult";"No";670
"1285";"Crew";"Male";"Adult";"No";670
"1286";"Crew";"Male";"Adult";"No";670
"1287";"Crew";"Male";"Adult";"No";670
"1288";"Crew";"Male";"Adult";"No";670
"1289";"Crew";"Male";"Adult";"No";670
"1290";"Crew";"Male";"Adult";"No";670
"1291";"Crew";"Male";"Adult";"No";670
"1292";"Crew";"Male";"Adult";"No";670
"1293";"Crew";"Male";"Adult";"No";670
"1294";"Crew";"Male";"Adult";"No";670
"1295";"Crew";"Male";"Adult";"No";670
"1296";"Crew";"Male";"Adult";"No";670
"1297";"Crew";"Male";"Adult";"No";670
"1298";"Crew";"Male";"Adult";"No";670
"1299";"Crew";"Male";"Adult";"No";670
"1300";"Crew";"Male";"Adult";"No";670
"1301";"Crew";"Male";"Adult";"No";670
"1302";"Crew";"Male";"Adult";"No";670
"1303";"Crew";"Male";"Adult";"No";670
"1304";"Crew";"Male";"Adult";"No";670
"1305";"Crew";"Male";"Adult";"No";670
"1306";"Crew";"Male";"Adult";"No";670
"1307";"Crew";"Male";"Adult";"No";670
"1308";"Crew";"Male";"Adult";"No";670
"1309";"Crew";"Male";"Adult";"No";670
"1310";"Crew";"Male";"Adult";"No";670
"1311";"Crew";"Male";"Adult";"No";670
"1312";"Crew";"Male";"Adult";"No";670
"1313";"Crew";"Male";"Adult";"No";670
"1314";"Crew";"Male";"Adult";"No";670
"1315";"Crew";"Male";"Adult";"No";670
"1316";"Crew";"Male";"Adult";"No";670
"1317";"Crew";"Male";"Adult";"No";670
"1318";"Crew";"Male";"Adult";"No";670
"1319";"Crew";"Male";"Adult";"No";670
"1320";"Crew";"Male";"Adult";"No";670
"1321";"Crew";"Male";"Adult";"No";670
"1322";"Crew";"Male";"Adult";"No";670
"1323";"Crew";"Male";"Adult";"No";670
"1324";"Crew";"Male";"Adult";"No";670
"1325";"Crew";"Male";"Adult";"No";670
"1326";"Crew";"Male";"Adult";"No";670
"1327";"Crew";"Male";"Adult";"No";670
"1328";"Crew";"Male";"Adult";"No";670
"1329";"Crew";"Male";"Adult";"No";670
"1330";"Crew";"Male";"Adult";"No";670
"1331";"Crew";"Male";"Adult";"No";670
"1332";"Crew";"Male";"Adult";"No";670
"1333";"Crew";"Male";"Adult";"No";670
"1334";"Crew";"Male";"Adult";"No";670
"1335";"Crew";"Male";"Adult";"No";670
"1336";"Crew";"Male";"Adult";"No";670
"1337";"Crew";"Male";"Adult";"No";670
"1338";"Crew";"Male";"Adult";"No";670
"1339";"Crew";"Male";"Adult";"No";670
"1340";"Crew";"Male";"Adult";"No";670
"1341";"Crew";"Male";"Adult";"No";670
"1342";"Crew";"Male";"Adult";"No";670
"1343";"Crew";"Male";"Adult";"No";670
"1344";"Crew";"Male";"Adult";"No";670
"1345";"Crew";"Male";"Adult";"No";670
"1346";"Crew";"Male";"Adult";"No";670
"1347";"Crew";"Male";"Adult";"No";670
"1348";"Crew";"Male";"Adult";"No";670
"1349";"Crew";"Male";"Adult";"No";670
"1350";"Crew";"Male";"Adult";"No";670
"1351";"Crew";"Male";"Adult";"No";670
"1352";"Crew";"Male";"Adult";"No";670
"1353";"Crew";"Male";"Adult";"No";670
"1354";"Crew";"Male";"Adult";"No";670
"1355";"Crew";"Male";"Adult";"No";670
"1356";"Crew";"Male";"Adult";"No";670
"1357";"Crew";"Male";"Adult";"No";670
"1358";"Crew";"Male";"Adult";"No";670
"1359";"Crew";"Male";"Adult";"No";670
"1360";"Crew";"Male";"Adult";"No";670
"1361";"Crew";"Male";"Adult";"No";670
"1362";"Crew";"Male";"Adult";"No";670
"1363";"Crew";"Male";"Adult";"No";670
"1364";"Crew";"Male";"Adult";"No";670
"1365";"Crew";"Male";"Adult";"No";670
"1366";"Crew";"Male";"Adult";"No";670
"1367";"Crew";"Male";"Adult";"No";670
"1368";"Crew";"Male";"Adult";"No";670
"1369";"Crew";"Male";"Adult";"No";670
"1370";"Crew";"Male";"Adult";"No";670
"1371";"Crew";"Male";"Adult";"No";670
"1372";"Crew";"Male";"Adult";"No";670
"1373";"Crew";"Male";"Adult";"No";670
"1374";"Crew";"Male";"Adult";"No";670
"1375";"Crew";"Male";"Adult";"No";670
"1376";"Crew";"Male";"Adult";"No";670
"1377";"Crew";"Male";"Adult";"No";670
"1378";"Crew";"Male";"Adult";"No";670
"1379";"Crew";"Male";"Adult";"No";670
"1380";"Crew";"Male";"Adult";"No";670
"1381";"Crew";"Male";"Adult";"No";670
"1382";"1st";"Female";"Adult";"No";4
"1383";"1st";"Female";"Adult";"No";4
"1384";"1st";"Female";"Adult";"No";4
"1385";"1st";"Female";"Adult";"No";4
"1386";"2nd";"Female";"Adult";"No";13
"1387";"2nd";"Female";"Adult";"No";13
"1388";"2nd";"Female";"Adult";"No";13
"1389";"2nd";"Female";"Adult";"No";13
"1390";"2nd";"Female";"Adult";"No";13
"1391";"2nd";"Female";"Adult";"No";13
"1392";"2nd";"Female";"Adult";"No";13
"1393";"2nd";"Female";"Adult";"No";13
"1394";"2nd";"Female";"Adult";"No";13
"1395";"2nd";"Female";"Adult";"No";13
"1396";"2nd";"Female";"Adult";"No";13
"1397";"2nd";"Female";"Adult";"No";13
"1398";"2nd";"Female";"Adult";"No";13
"1399";"3rd";"Female";"Adult";"No";89
"1400";"3rd";"Female";"Adult";"No";89
"1401";"3rd";"Female";"Adult";"No";89
"1402";"3rd";"Female";"Adult";"No";89
"1403";"3rd";"Female";"Adult";"No";89
"1404";"3rd";"Female";"Adult";"No";89
"1405";"3rd";"Female";"Adult";"No";89
"1406";"3rd";"Female";"Adult";"No";89
"1407";"3rd";"Female";"Adult";"No";89
"1408";"3rd";"Female";"Adult";"No";89
"1409";"3rd";"Female";"Adult";"No";89
"1410";"3rd";"Female";"Adult";"No";89
"1411";"3rd";"Female";"Adult";"No";89
"1412";"3rd";"Female";"Adult";"No";89
"1413";"3rd";"Female";"Adult";"No";89
"1414";"3rd";"Female";"Adult";"No";89
"1415";"3rd";"Female";"Adult";"No";89
"1416";"3rd";"Female";"Adult";"No";89
"1417";"3rd";"Female";"Adult";"No";89
"1418";"3rd";"Female";"Adult";"No";89
"1419";"3rd";"Female";"Adult";"No";89
"1420";"3rd";"Female";"Adult";"No";89
"1421";"3rd";"Female";"Adult";"No";89
"1422";"3rd";"Female";"Adult";"No";89
"1423";"3rd";"Female";"Adult";"No";89
"1424";"3rd";"Female";"Adult";"No";89
"1425";"3rd";"Female";"Adult";"No";89
"1426";"3rd";"Female";"Adult";"No";89
"1427";"3rd";"Female";"Adult";"No";89
"1428";"3rd";"Female";"Adult";"No";89
"1429";"3rd";"Female";"Adult";"No";89
"1430";"3rd";"Female";"Adult";"No";89
"1431";"3rd";"Female";"Adult";"No";89
"1432";"3rd";"Female";"Adult";"No";89
"1433";"3rd";"Female";"Adult";"No";89
"1434";"3rd";"Female";"Adult";"No";89
"1435";"3rd";"Female";"Adult";"No";89
"1436";"3rd";"Female";"Adult";"No";89
"1437";"3rd";"Female";"Adult";"No";89
"1438";"3rd";"Female";"Adult";"No";89
"1439";"3rd";"Female";"Adult";"No";89
"1440";"3rd";"Female";"Adult";"No";89
"1441";"3rd";"Female";"Adult";"No";89
"1442";"3rd";"Female";"Adult";"No";89
"1443";"3rd";"Female";"Adult";"No";89
"1444";"3rd";"Female";"Adult";"No";89
"1445";"3rd";"Female";"Adult";"No";89
"1446";"3rd";"Female";"Adult";"No";89
"1447";"3rd";"Female";"Adult";"No";89
"1448";"3rd";"Female";"Adult";"No";89
"1449";"3rd";"Female";"Adult";"No";89
"1450";"3rd";"Female";"Adult";"No";89
"1451";"3rd";"Female";"Adult";"No";89
"1452";"3rd";"Female";"Adult";"No";89
"1453";"3rd";"Female";"Adult";"No";89
"1454";"3rd";"Female";"Adult";"No";89
"1455";"3rd";"Female";"Adult";"No";89
"1456";"3rd";"Female";"Adult";"No";89
"1457";"3rd";"Female";"Adult";"No";89
"1458";"3rd";"Female";"Adult";"No";89
"1459";"3rd";"Female";"Adult";"No";89
"1460";"3rd";"Female";"Adult";"No";89
"1461";"3rd";"Female";"Adult";"No";89
"1462";"3rd";"Female";"Adult";"No";89
"1463";"3rd";"Female";"Adult";"No";89
"1464";"3rd";"Female";"Adult";"No";89
"1465";"3rd";"Female";"Adult";"No";89
"1466";"3rd";"Female";"Adult";"No";89
"1467";"3rd";"Female";"Adult";"No";89
"1468";"3rd";"Female";"Adult";"No";89
"1469";"3rd";"Female";"Adult";"No";89
"1470";"3rd";"Female";"Adult";"No";89
"1471";"3rd";"Female";"Adult";"No";89
"1472";"3rd";"Female";"Adult";"No";89
"1473";"3rd";"Female";"Adult";"No";89
"1474";"3rd";"Female";"Adult";"No";89
"1475";"3rd";"Female";"Adult";"No";89
"1476";"3rd";"Female";"Adult";"No";89
"1477";"3rd";"Female";"Adult";"No";89
"1478";"3rd";"Female";"Adult";"No";89
"1479";"3rd";"Female";"Adult";"No";89
"1480";"3rd";"Female";"Adult";"No";89
"1481";"3rd";"Female";"Adult";"No";89
"1482";"3rd";"Female";"Adult";"No";89
"1483";"3rd";"Female";"Adult";"No";89
"1484";"3rd";"Female";"Adult";"No";89
"1485";"3rd";"Female";"Adult";"No";89
"1486";"3rd";"Female";"Adult";"No";89
"1487";"3rd";"Female";"Adult";"No";89
"1488";"Crew";"Female";"Adult";"No";3
"1489";"Crew";"Female";"Adult";"No";3
"1490";"Crew";"Female";"Adult";"No";3
"1491";"1st";"Male";"Child";"Yes";5
"1492";"1st";"Male";"Child";"Yes";5
"1493";"1st";"Male";"Child";"Yes";5
"1494";"1st";"Male";"Child";"Yes";5
"1495";"1st";"Male";"Child";"Yes";5
"1496";"2nd";"Male";"Child";"Yes";11
"1497";"2nd";"Male";"Child";"Yes";11
"1498";"2nd";"Male";"Child";"Yes";11
"1499";"2nd";"Male";"Child";"Yes";11
"1500";"2nd";"Male";"Child";"Yes";11
"1501";"2nd";"Male";"Child";"Yes";11
"1502";"2nd";"Male";"Child";"Yes";11
"1503";"2nd";"Male";"Child";"Yes";11
"1504";"2nd";"Male";"Child";"Yes";11
"1505";"2nd";"Male";"Child";"Yes";11
"1506";"2nd";"Male";"Child";"Yes";11
"1507";"3rd";"Male";"Child";"Yes";13
"1508";"3rd";"Male";"Child";"Yes";13
"1509";"3rd";"Male";"Child";"Yes";13
"1510";"3rd";"Male";"Child";"Yes";13
"1511";"3rd";"Male";"Child";"Yes";13
"1512";"3rd";"Male";"Child";"Yes";13
"1513";"3rd";"Male";"Child";"Yes";13
"1514";"3rd";"Male";"Child";"Yes";13
"1515";"3rd";"Male";"Child";"Yes";13
"1516";"3rd";"Male";"Child";"Yes";13
"1517";"3rd";"Male";"Child";"Yes";13
"1518";"3rd";"Male";"Child";"Yes";13
"1519";"3rd";"Male";"Child";"Yes";13
"1520";"1st";"Female";"Child";"Yes";1
"1521";"2nd";"Female";"Child";"Yes";13
"1522";"2nd";"Female";"Child";"Yes";13
"1523";"2nd";"Female";"Child";"Yes";13
"1524";"2nd";"Female";"Child";"Yes";13
"1525";"2nd";"Female";"Child";"Yes";13
"1526";"2nd";"Female";"Child";"Yes";13
"1527";"2nd";"Female";"Child";"Yes";13
"1528";"2nd";"Female";"Child";"Yes";13
"1529";"2nd";"Female";"Child";"Yes";13
"1530";"2nd";"Female";"Child";"Yes";13
"1531";"2nd";"Female";"Child";"Yes";13
"1532";"2nd";"Female";"Child";"Yes";13
"1533";"2nd";"Female";"Child";"Yes";13
"1534";"3rd";"Female";"Child";"Yes";14
"1535";"3rd";"Female";"Child";"Yes";14
"1536";"3rd";"Female";"Child";"Yes";14
"1537";"3rd";"Female";"Child";"Yes";14
"1538";"3rd";"Female";"Child";"Yes";14
"1539";"3rd";"Female";"Child";"Yes";14
"1540";"3rd";"Female";"Child";"Yes";14
"1541";"3rd";"Female";"Child";"Yes";14
"1542";"3rd";"Female";"Child";"Yes";14
"1543";"3rd";"Female";"Child";"Yes";14
"1544";"3rd";"Female";"Child";"Yes";14
"1545";"3rd";"Female";"Child";"Yes";14
"1546";"3rd";"Female";"Child";"Yes";14
"1547";"3rd";"Female";"Child";"Yes";14
"1548";"1st";"Male";"Adult";"Yes";57
"1549";"1st";"Male";"Adult";"Yes";57
"1550";"1st";"Male";"Adult";"Yes";57
"1551";"1st";"Male";"Adult";"Yes";57
"1552";"1st";"Male";"Adult";"Yes";57
"1553";"1st";"Male";"Adult";"Yes";57
"1554";"1st";"Male";"Adult";"Yes";57
"1555";"1st";"Male";"Adult";"Yes";57
"1556";"1st";"Male";"Adult";"Yes";57
"1557";"1st";"Male";"Adult";"Yes";57
"1558";"1st";"Male";"Adult";"Yes";57
"1559";"1st";"Male";"Adult";"Yes";57
"1560";"1st";"Male";"Adult";"Yes";57
"1561";"1st";"Male";"Adult";"Yes";57
"1562";"1st";"Male";"Adult";"Yes";57
"1563";"1st";"Male";"Adult";"Yes";57
"1564";"1st";"Male";"Adult";"Yes";57
"1565";"1st";"Male";"Adult";"Yes";57
"1566";"1st";"Male";"Adult";"Yes";57
"1567";"1st";"Male";"Adult";"Yes";57
"1568";"1st";"Male";"Adult";"Yes";57
"1569";"1st";"Male";"Adult";"Yes";57
"1570";"1st";"Male";"Adult";"Yes";57
"1571";"1st";"Male";"Adult";"Yes";57
"1572";"1st";"Male";"Adult";"Yes";57
"1573";"1st";"Male";"Adult";"Yes";57
"1574";"1st";"Male";"Adult";"Yes";57
"1575";"1st";"Male";"Adult";"Yes";57
"1576";"1st";"Male";"Adult";"Yes";57
"1577";"1st";"Male";"Adult";"Yes";57
"1578";"1st";"Male";"Adult";"Yes";57
"1579";"1st";"Male";"Adult";"Yes";57
"1580";"1st";"Male";"Adult";"Yes";57
"1581";"1st";"Male";"Adult";"Yes";57
"1582";"1st";"Male";"Adult";"Yes";57
"1583";"1st";"Male";"Adult";"Yes";57
"1584";"1st";"Male";"Adult";"Yes";57
"1585";"1st";"Male";"Adult";"Yes";57
"1586";"1st";"Male";"Adult";"Yes";57
"1587";"1st";"Male";"Adult";"Yes";57
"1588";"1st";"Male";"Adult";"Yes";57
"1589";"1st";"Male";"Adult";"Yes";57
"1590";"1st";"Male";"Adult";"Yes";57
"1591";"1st";"Male";"Adult";"Yes";57
"1592";"1st";"Male";"Adult";"Yes";57
"1593";"1st";"Male";"Adult";"Yes";57
"1594";"1st";"Male";"Adult";"Yes";57
"1595";"1st";"Male";"Adult";"Yes";57
"1596";"1st";"Male";"Adult";"Yes";57
"1597";"1st";"Male";"Adult";"Yes";57
"1598";"1st";"Male";"Adult";"Yes";57
"1599";"1st";"Male";"Adult";"Yes";57
"1600";"1st";"Male";"Adult";"Yes";57
"1601";"1st";"Male";"Adult";"Yes";57
"1602";"1st";"Male";"Adult";"Yes";57
"1603";"1st";"Male";"Adult";"Yes";57
"1604";"1st";"Male";"Adult";"Yes";57
"1605";"2nd";"Male";"Adult";"Yes";14
"1606";"2nd";"Male";"Adult";"Yes";14
"1607";"2nd";"Male";"Adult";"Yes";14
"1608";"2nd";"Male";"Adult";"Yes";14
"1609";"2nd";"Male";"Adult";"Yes";14
"1610";"2nd";"Male";"Adult";"Yes";14
"1611";"2nd";"Male";"Adult";"Yes";14
"1612";"2nd";"Male";"Adult";"Yes";14
"1613";"2nd";"Male";"Adult";"Yes";14
"1614";"2nd";"Male";"Adult";"Yes";14
"1615";"2nd";"Male";"Adult";"Yes";14
"1616";"2nd";"Male";"Adult";"Yes";14
"1617";"2nd";"Male";"Adult";"Yes";14
"1618";"2nd";"Male";"Adult";"Yes";14
"1619";"3rd";"Male";"Adult";"Yes";75
"1620";"3rd";"Male";"Adult";"Yes";75
"1621";"3rd";"Male";"Adult";"Yes";75
"1622";"3rd";"Male";"Adult";"Yes";75
"1623";"3rd";"Male";"Adult";"Yes";75
"1624";"3rd";"Male";"Adult";"Yes";75
"1625";"3rd";"Male";"Adult";"Yes";75
"1626";"3rd";"Male";"Adult";"Yes";75
"1627";"3rd";"Male";"Adult";"Yes";75
"1628";"3rd";"Male";"Adult";"Yes";75
"1629";"3rd";"Male";"Adult";"Yes";75
"1630";"3rd";"Male";"Adult";"Yes";75
"1631";"3rd";"Male";"Adult";"Yes";75
"1632";"3rd";"Male";"Adult";"Yes";75
"1633";"3rd";"Male";"Adult";"Yes";75
"1634";"3rd";"Male";"Adult";"Yes";75
"1635";"3rd";"Male";"Adult";"Yes";75
"1636";"3rd";"Male";"Adult";"Yes";75
"1637";"3rd";"Male";"Adult";"Yes";75
"1638";"3rd";"Male";"Adult";"Yes";75
"1639";"3rd";"Male";"Adult";"Yes";75
"1640";"3rd";"Male";"Adult";"Yes";75
"1641";"3rd";"Male";"Adult";"Yes";75
"1642";"3rd";"Male";"Adult";"Yes";75
"1643";"3rd";"Male";"Adult";"Yes";75
"1644";"3rd";"Male";"Adult";"Yes";75
"1645";"3rd";"Male";"Adult";"Yes";75
"1646";"3rd";"Male";"Adult";"Yes";75
"1647";"3rd";"Male";"Adult";"Yes";75
"1648";"3rd";"Male";"Adult";"Yes";75
"1649";"3rd";"Male";"Adult";"Yes";75
"1650";"3rd";"Male";"Adult";"Yes";75
"1651";"3rd";"Male";"Adult";"Yes";75
"1652";"3rd";"Male";"Adult";"Yes";75
"1653";"3rd";"Male";"Adult";"Yes";75
"1654";"3rd";"Male";"Adult";"Yes";75
"1655";"3rd";"Male";"Adult";"Yes";75
"1656";"3rd";"Male";"Adult";"Yes";75
"1657";"3rd";"Male";"Adult";"Yes";75
"1658";"3rd";"Male";"Adult";"Yes";75
"1659";"3rd";"Male";"Adult";"Yes";75
"1660";"3rd";"Male";"Adult";"Yes";75
"1661";"3rd";"Male";"Adult";"Yes";75
"1662";"3rd";"Male";"Adult";"Yes";75
"1663";"3rd";"Male";"Adult";"Yes";75
"1664";"3rd";"Male";"Adult";"Yes";75
"1665";"3rd";"Male";"Adult";"Yes";75
"1666";"3rd";"Male";"Adult";"Yes";75
"1667";"3rd";"Male";"Adult";"Yes";75
"1668";"3rd";"Male";"Adult";"Yes";75
"1669";"3rd";"Male";"Adult";"Yes";75
"1670";"3rd";"Male";"Adult";"Yes";75
"1671";"3rd";"Male";"Adult";"Yes";75
"1672";"3rd";"Male";"Adult";"Yes";75
"1673";"3rd";"Male";"Adult";"Yes";75
"1674";"3rd";"Male";"Adult";"Yes";75
"1675";"3rd";"Male";"Adult";"Yes";75
"1676";"3rd";"Male";"Adult";"Yes";75
"1677";"3rd";"Male";"Adult";"Yes";75
"1678";"3rd";"Male";"Adult";"Yes";75
"1679";"3rd";"Male";"Adult";"Yes";75
"1680";"3rd";"Male";"Adult";"Yes";75
"1681";"3rd";"Male";"Adult";"Yes";75
"1682";"3rd";"Male";"Adult";"Yes";75
"1683";"3rd";"Male";"Adult";"Yes";75
"1684";"3rd";"Male";"Adult";"Yes";75
"1685";"3rd";"Male";"Adult";"Yes";75
"1686";"3rd";"Male";"Adult";"Yes";75
"1687";"3rd";"Male";"Adult";"Yes";75
"1688";"3rd";"Male";"Adult";"Yes";75
"1689";"3rd";"Male";"Adult";"Yes";75
"1690";"3rd";"Male";"Adult";"Yes";75
"1691";"3rd";"Male";"Adult";"Yes";75
"1692";"3rd";"Male";"Adult";"Yes";75
"1693";"3rd";"Male";"Adult";"Yes";75
"1694";"Crew";"Male";"Adult";"Yes";192
"1695";"Crew";"Male";"Adult";"Yes";192
"1696";"Crew";"Male";"Adult";"Yes";192
"1697";"Crew";"Male";"Adult";"Yes";192
"1698";"Crew";"Male";"Adult";"Yes";192
"1699";"Crew";"Male";"Adult";"Yes";192
"1700";"Crew";"Male";"Adult";"Yes";192
"1701";"Crew";"Male";"Adult";"Yes";192
"1702";"Crew";"Male";"Adult";"Yes";192
"1703";"Crew";"Male";"Adult";"Yes";192
"1704";"Crew";"Male";"Adult";"Yes";192
"1705";"Crew";"Male";"Adult";"Yes";192
"1706";"Crew";"Male";"Adult";"Yes";192
"1707";"Crew";"Male";"Adult";"Yes";192
"1708";"Crew";"Male";"Adult";"Yes";192
"1709";"Crew";"Male";"Adult";"Yes";192
"1710";"Crew";"Male";"Adult";"Yes";192
"1711";"Crew";"Male";"Adult";"Yes";192
"1712";"Crew";"Male";"Adult";"Yes";192
"1713";"Crew";"Male";"Adult";"Yes";192
"1714";"Crew";"Male";"Adult";"Yes";192
"1715";"Crew";"Male";"Adult";"Yes";192
"1716";"Crew";"Male";"Adult";"Yes";192
"1717";"Crew";"Male";"Adult";"Yes";192
"1718";"Crew";"Male";"Adult";"Yes";192
"1719";"Crew";"Male";"Adult";"Yes";192
"1720";"Crew";"Male";"Adult";"Yes";192
"1721";"Crew";"Male";"Adult";"Yes";192
"1722";"Crew";"Male";"Adult";"Yes";192
"1723";"Crew";"Male";"Adult";"Yes";192
"1724";"Crew";"Male";"Adult";"Yes";192
"1725";"Crew";"Male";"Adult";"Yes";192
"1726";"Crew";"Male";"Adult";"Yes";192
"1727";"Crew";"Male";"Adult";"Yes";192
"1728";"Crew";"Male";"Adult";"Yes";192
"1729";"Crew";"Male";"Adult";"Yes";192
"1730";"Crew";"Male";"Adult";"Yes";192
"1731";"Crew";"Male";"Adult";"Yes";192
"1732";"Crew";"Male";"Adult";"Yes";192
"1733";"Crew";"Male";"Adult";"Yes";192
"1734";"Crew";"Male";"Adult";"Yes";192
"1735";"Crew";"Male";"Adult";"Yes";192
"1736";"Crew";"Male";"Adult";"Yes";192
"1737";"Crew";"Male";"Adult";"Yes";192
"1738";"Crew";"Male";"Adult";"Yes";192
"1739";"Crew";"Male";"Adult";"Yes";192
"1740";"Crew";"Male";"Adult";"Yes";192
"1741";"Crew";"Male";"Adult";"Yes";192
"1742";"Crew";"Male";"Adult";"Yes";192
"1743";"Crew";"Male";"Adult";"Yes";192
"1744";"Crew";"Male";"Adult";"Yes";192
"1745";"Crew";"Male";"Adult";"Yes";192
"1746";"Crew";"Male";"Adult";"Yes";192
"1747";"Crew";"Male";"Adult";"Yes";192
"1748";"Crew";"Male";"Adult";"Yes";192
"1749";"Crew";"Male";"Adult";"Yes";192
"1750";"Crew";"Male";"Adult";"Yes";192
"1751";"Crew";"Male";"Adult";"Yes";192
"1752";"Crew";"Male";"Adult";"Yes";192
"1753";"Crew";"Male";"Adult";"Yes";192
"1754";"Crew";"Male";"Adult";"Yes";192
"1755";"Crew";"Male";"Adult";"Yes";192
"1756";"Crew";"Male";"Adult";"Yes";192
"1757";"Crew";"Male";"Adult";"Yes";192
"1758";"Crew";"Male";"Adult";"Yes";192
"1759";"Crew";"Male";"Adult";"Yes";192
"1760";"Crew";"Male";"Adult";"Yes";192
"1761";"Crew";"Male";"Adult";"Yes";192
"1762";"Crew";"Male";"Adult";"Yes";192
"1763";"Crew";"Male";"Adult";"Yes";192
"1764";"Crew";"Male";"Adult";"Yes";192
"1765";"Crew";"Male";"Adult";"Yes";192
"1766";"Crew";"Male";"Adult";"Yes";192
"1767";"Crew";"Male";"Adult";"Yes";192
"1768";"Crew";"Male";"Adult";"Yes";192
"1769";"Crew";"Male";"Adult";"Yes";192
"1770";"Crew";"Male";"Adult";"Yes";192
"1771";"Crew";"Male";"Adult";"Yes";192
"1772";"Crew";"Male";"Adult";"Yes";192
"1773";"Crew";"Male";"Adult";"Yes";192
"1774";"Crew";"Male";"Adult";"Yes";192
"1775";"Crew";"Male";"Adult";"Yes";192
"1776";"Crew";"Male";"Adult";"Yes";192
"1777";"Crew";"Male";"Adult";"Yes";192
"1778";"Crew";"Male";"Adult";"Yes";192
"1779";"Crew";"Male";"Adult";"Yes";192
"1780";"Crew";"Male";"Adult";"Yes";192
"1781";"Crew";"Male";"Adult";"Yes";192
"1782";"Crew";"Male";"Adult";"Yes";192
"1783";"Crew";"Male";"Adult";"Yes";192
"1784";"Crew";"Male";"Adult";"Yes";192
"1785";"Crew";"Male";"Adult";"Yes";192
"1786";"Crew";"Male";"Adult";"Yes";192
"1787";"Crew";"Male";"Adult";"Yes";192
"1788";"Crew";"Male";"Adult";"Yes";192
"1789";"Crew";"Male";"Adult";"Yes";192
"1790";"Crew";"Male";"Adult";"Yes";192
"1791";"Crew";"Male";"Adult";"Yes";192
"1792";"Crew";"Male";"Adult";"Yes";192
"1793";"Crew";"Male";"Adult";"Yes";192
"1794";"Crew";"Male";"Adult";"Yes";192
"1795";"Crew";"Male";"Adult";"Yes";192
"1796";"Crew";"Male";"Adult";"Yes";192
"1797";"Crew";"Male";"Adult";"Yes";192
"1798";"Crew";"Male";"Adult";"Yes";192
"1799";"Crew";"Male";"Adult";"Yes";192
"1800";"Crew";"Male";"Adult";"Yes";192
"1801";"Crew";"Male";"Adult";"Yes";192
"1802";"Crew";"Male";"Adult";"Yes";192
"1803";"Crew";"Male";"Adult";"Yes";192
"1804";"Crew";"Male";"Adult";"Yes";192
"1805";"Crew";"Male";"Adult";"Yes";192
"1806";"Crew";"Male";"Adult";"Yes";192
"1807";"Crew";"Male";"Adult";"Yes";192
"1808";"Crew";"Male";"Adult";"Yes";192
"1809";"Crew";"Male";"Adult";"Yes";192
"1810";"Crew";"Male";"Adult";"Yes";192
"1811";"Crew";"Male";"Adult";"Yes";192
"1812";"Crew";"Male";"Adult";"Yes";192
"1813";"Crew";"Male";"Adult";"Yes";192
"1814";"Crew";"Male";"Adult";"Yes";192
"1815";"Crew";"Male";"Adult";"Yes";192
"1816";"Crew";"Male";"Adult";"Yes";192
"1817";"Crew";"Male";"Adult";"Yes";192
"1818";"Crew";"Male";"Adult";"Yes";192
"1819";"Crew";"Male";"Adult";"Yes";192
"1820";"Crew";"Male";"Adult";"Yes";192
"1821";"Crew";"Male";"Adult";"Yes";192
"1822";"Crew";"Male";"Adult";"Yes";192
"1823";"Crew";"Male";"Adult";"Yes";192
"1824";"Crew";"Male";"Adult";"Yes";192
"1825";"Crew";"Male";"Adult";"Yes";192
"1826";"Crew";"Male";"Adult";"Yes";192
"1827";"Crew";"Male";"Adult";"Yes";192
"1828";"Crew";"Male";"Adult";"Yes";192
"1829";"Crew";"Male";"Adult";"Yes";192
"1830";"Crew";"Male";"Adult";"Yes";192
"1831";"Crew";"Male";"Adult";"Yes";192
"1832";"Crew";"Male";"Adult";"Yes";192
"1833";"Crew";"Male";"Adult";"Yes";192
"1834";"Crew";"Male";"Adult";"Yes";192
"1835";"Crew";"Male";"Adult";"Yes";192
"1836";"Crew";"Male";"Adult";"Yes";192
"1837";"Crew";"Male";"Adult";"Yes";192
"1838";"Crew";"Male";"Adult";"Yes";192
"1839";"Crew";"Male";"Adult";"Yes";192
"1840";"Crew";"Male";"Adult";"Yes";192
"1841";"Crew";"Male";"Adult";"Yes";192
"1842";"Crew";"Male";"Adult";"Yes";192
"1843";"Crew";"Male";"Adult";"Yes";192
"1844";"Crew";"Male";"Adult";"Yes";192
"1845";"Crew";"Male";"Adult";"Yes";192
"1846";"Crew";"Male";"Adult";"Yes";192
"1847";"Crew";"Male";"Adult";"Yes";192
"1848";"Crew";"Male";"Adult";"Yes";192
"1849";"Crew";"Male";"Adult";"Yes";192
"1850";"Crew";"Male";"Adult";"Yes";192
"1851";"Crew";"Male";"Adult";"Yes";192
"1852";"Crew";"Male";"Adult";"Yes";192
"1853";"Crew";"Male";"Adult";"Yes";192
"1854";"Crew";"Male";"Adult";"Yes";192
"1855";"Crew";"Male";"Adult";"Yes";192
"1856";"Crew";"Male";"Adult";"Yes";192
"1857";"Crew";"Male";"Adult";"Yes";192
"1858";"Crew";"Male";"Adult";"Yes";192
"1859";"Crew";"Male";"Adult";"Yes";192
"1860";"Crew";"Male";"Adult";"Yes";192
"1861";"Crew";"Male";"Adult";"Yes";192
"1862";"Crew";"Male";"Adult";"Yes";192
"1863";"Crew";"Male";"Adult";"Yes";192
"1864";"Crew";"Male";"Adult";"Yes";192
"1865";"Crew";"Male";"Adult";"Yes";192
"1866";"Crew";"Male";"Adult";"Yes";192
"1867";"Crew";"Male";"Adult";"Yes";192
"1868";"Crew";"Male";"Adult";"Yes";192
"1869";"Crew";"Male";"Adult";"Yes";192
"1870";"Crew";"Male";"Adult";"Yes";192
"1871";"Crew";"Male";"Adult";"Yes";192
"1872";"Crew";"Male";"Adult";"Yes";192
"1873";"Crew";"Male";"Adult";"Yes";192
"1874";"Crew";"Male";"Adult";"Yes";192
"1875";"Crew";"Male";"Adult";"Yes";192
"1876";"Crew";"Male";"Adult";"Yes";192
"1877";"Crew";"Male";"Adult";"Yes";192
"1878";"Crew";"Male";"Adult";"Yes";192
"1879";"Crew";"Male";"Adult";"Yes";192
"1880";"Crew";"Male";"Adult";"Yes";192
"1881";"Crew";"Male";"Adult";"Yes";192
"1882";"Crew";"Male";"Adult";"Yes";192
"1883";"Crew";"Male";"Adult";"Yes";192
"1884";"Crew";"Male";"Adult";"Yes";192
"1885";"Crew";"Male";"Adult";"Yes";192
"1886";"1st";"Female";"Adult";"Yes";140
"1887";"1st";"Female";"Adult";"Yes";140
"1888";"1st";"Female";"Adult";"Yes";140
"1889";"1st";"Female";"Adult";"Yes";140
"1890";"1st";"Female";"Adult";"Yes";140
"1891";"1st";"Female";"Adult";"Yes";140
"1892";"1st";"Female";"Adult";"Yes";140
"1893";"1st";"Female";"Adult";"Yes";140
"1894";"1st";"Female";"Adult";"Yes";140
"1895";"1st";"Female";"Adult";"Yes";140
"1896";"1st";"Female";"Adult";"Yes";140
"1897";"1st";"Female";"Adult";"Yes";140
"1898";"1st";"Female";"Adult";"Yes";140
"1899";"1st";"Female";"Adult";"Yes";140
"1900";"1st";"Female";"Adult";"Yes";140
"1901";"1st";"Female";"Adult";"Yes";140
"1902";"1st";"Female";"Adult";"Yes";140
"1903";"1st";"Female";"Adult";"Yes";140
"1904";"1st";"Female";"Adult";"Yes";140
"1905";"1st";"Female";"Adult";"Yes";140
"1906";"1st";"Female";"Adult";"Yes";140
"1907";"1st";"Female";"Adult";"Yes";140
"1908";"1st";"Female";"Adult";"Yes";140
"1909";"1st";"Female";"Adult";"Yes";140
"1910";"1st";"Female";"Adult";"Yes";140
"1911";"1st";"Female";"Adult";"Yes";140
"1912";"1st";"Female";"Adult";"Yes";140
"1913";"1st";"Female";"Adult";"Yes";140
"1914";"1st";"Female";"Adult";"Yes";140
"1915";"1st";"Female";"Adult";"Yes";140
"1916";"1st";"Female";"Adult";"Yes";140
"1917";"1st";"Female";"Adult";"Yes";140
"1918";"1st";"Female";"Adult";"Yes";140
"1919";"1st";"Female";"Adult";"Yes";140
"1920";"1st";"Female";"Adult";"Yes";140
"1921";"1st";"Female";"Adult";"Yes";140
"1922";"1st";"Female";"Adult";"Yes";140
"1923";"1st";"Female";"Adult";"Yes";140
"1924";"1st";"Female";"Adult";"Yes";140
"1925";"1st";"Female";"Adult";"Yes";140
"1926";"1st";"Female";"Adult";"Yes";140
"1927";"1st";"Female";"Adult";"Yes";140
"1928";"1st";"Female";"Adult";"Yes";140
"1929";"1st";"Female";"Adult";"Yes";140
"1930";"1st";"Female";"Adult";"Yes";140
"1931";"1st";"Female";"Adult";"Yes";140
"1932";"1st";"Female";"Adult";"Yes";140
"1933";"1st";"Female";"Adult";"Yes";140
"1934";"1st";"Female";"Adult";"Yes";140
"1935";"1st";"Female";"Adult";"Yes";140
"1936";"1st";"Female";"Adult";"Yes";140
"1937";"1st";"Female";"Adult";"Yes";140
"1938";"1st";"Female";"Adult";"Yes";140
"1939";"1st";"Female";"Adult";"Yes";140
"1940";"1st";"Female";"Adult";"Yes";140
"1941";"1st";"Female";"Adult";"Yes";140
"1942";"1st";"Female";"Adult";"Yes";140
"1943";"1st";"Female";"Adult";"Yes";140
"1944";"1st";"Female";"Adult";"Yes";140
"1945";"1st";"Female";"Adult";"Yes";140
"1946";"1st";"Female";"Adult";"Yes";140
"1947";"1st";"Female";"Adult";"Yes";140
"1948";"1st";"Female";"Adult";"Yes";140
"1949";"1st";"Female";"Adult";"Yes";140
"1950";"1st";"Female";"Adult";"Yes";140
"1951";"1st";"Female";"Adult";"Yes";140
"1952";"1st";"Female";"Adult";"Yes";140
"1953";"1st";"Female";"Adult";"Yes";140
"1954";"1st";"Female";"Adult";"Yes";140
"1955";"1st";"Female";"Adult";"Yes";140
"1956";"1st";"Female";"Adult";"Yes";140
"1957";"1st";"Female";"Adult";"Yes";140
"1958";"1st";"Female";"Adult";"Yes";140
"1959";"1st";"Female";"Adult";"Yes";140
"1960";"1st";"Female";"Adult";"Yes";140
"1961";"1st";"Female";"Adult";"Yes";140
"1962";"1st";"Female";"Adult";"Yes";140
"1963";"1st";"Female";"Adult";"Yes";140
"1964";"1st";"Female";"Adult";"Yes";140
"1965";"1st";"Female";"Adult";"Yes";140
"1966";"1st";"Female";"Adult";"Yes";140
"1967";"1st";"Female";"Adult";"Yes";140
"1968";"1st";"Female";"Adult";"Yes";140
"1969";"1st";"Female";"Adult";"Yes";140
"1970";"1st";"Female";"Adult";"Yes";140
"1971";"1st";"Female";"Adult";"Yes";140
"1972";"1st";"Female";"Adult";"Yes";140
"1973";"1st";"Female";"Adult";"Yes";140
"1974";"1st";"Female";"Adult";"Yes";140
"1975";"1st";"Female";"Adult";"Yes";140
"1976";"1st";"Female";"Adult";"Yes";140
"1977";"1st";"Female";"Adult";"Yes";140
"1978";"1st";"Female";"Adult";"Yes";140
"1979";"1st";"Female";"Adult";"Yes";140
"1980";"1st";"Female";"Adult";"Yes";140
"1981";"1st";"Female";"Adult";"Yes";140
"1982";"1st";"Female";"Adult";"Yes";140
"1983";"1st";"Female";"Adult";"Yes";140
"1984";"1st";"Female";"Adult";"Yes";140
"1985";"1st";"Female";"Adult";"Yes";140
"1986";"1st";"Female";"Adult";"Yes";140
"1987";"1st";"Female";"Adult";"Yes";140
"1988";"1st";"Female";"Adult";"Yes";140
"1989";"1st";"Female";"Adult";"Yes";140
"1990";"1st";"Female";"Adult";"Yes";140
"1991";"1st";"Female";"Adult";"Yes";140
"1992";"1st";"Female";"Adult";"Yes";140
"1993";"1st";"Female";"Adult";"Yes";140
"1994";"1st";"Female";"Adult";"Yes";140
"1995";"1st";"Female";"Adult";"Yes";140
"1996";"1st";"Female";"Adult";"Yes";140
"1997";"1st";"Female";"Adult";"Yes";140
"1998";"1st";"Female";"Adult";"Yes";140
"1999";"1st";"Female";"Adult";"Yes";140
"2000";"1st";"Female";"Adult";"Yes";140
"2001";"1st";"Female";"Adult";"Yes";140
"2002";"1st";"Female";"Adult";"Yes";140
"2003";"1st";"Female";"Adult";"Yes";140
"2004";"1st";"Female";"Adult";"Yes";140
"2005";"1st";"Female";"Adult";"Yes";140
"2006";"1st";"Female";"Adult";"Yes";140
"2007";"1st";"Female";"Adult";"Yes";140
"2008";"1st";"Female";"Adult";"Yes";140
"2009";"1st";"Female";"Adult";"Yes";140
"2010";"1st";"Female";"Adult";"Yes";140
"2011";"1st";"Female";"Adult";"Yes";140
"2012";"1st";"Female";"Adult";"Yes";140
"2013";"1st";"Female";"Adult";"Yes";140
"2014";"1st";"Female";"Adult";"Yes";140
"2015";"1st";"Female";"Adult";"Yes";140
"2016";"1st";"Female";"Adult";"Yes";140
"2017";"1st";"Female";"Adult";"Yes";140
"2018";"1st";"Female";"Adult";"Yes";140
"2019";"1st";"Female";"Adult";"Yes";140
"2020";"1st";"Female";"Adult";"Yes";140
"2021";"1st";"Female";"Adult";"Yes";140
"2022";"1st";"Female";"Adult";"Yes";140
"2023";"1st";"Female";"Adult";"Yes";140
"2024";"1st";"Female";"Adult";"Yes";140
"2025";"1st";"Female";"Adult";"Yes";140
"2026";"2nd";"Female";"Adult";"Yes";80
"2027";"2nd";"Female";"Adult";"Yes";80
"2028";"2nd";"Female";"Adult";"Yes";80
"2029";"2nd";"Female";"Adult";"Yes";80
"2030";"2nd";"Female";"Adult";"Yes";80
"2031";"2nd";"Female";"Adult";"Yes";80
"2032";"2nd";"Female";"Adult";"Yes";80
"2033";"2nd";"Female";"Adult";"Yes";80
"2034";"2nd";"Female";"Adult";"Yes";80
"2035";"2nd";"Female";"Adult";"Yes";80
"2036";"2nd";"Female";"Adult";"Yes";80
"2037";"2nd";"Female";"Adult";"Yes";80
"2038";"2nd";"Female";"Adult";"Yes";80
"2039";"2nd";"Female";"Adult";"Yes";80
"2040";"2nd";"Female";"Adult";"Yes";80
"2041";"2nd";"Female";"Adult";"Yes";80
"2042";"2nd";"Female";"Adult";"Yes";80
"2043";"2nd";"Female";"Adult";"Yes";80
"2044";"2nd";"Female";"Adult";"Yes";80
"2045";"2nd";"Female";"Adult";"Yes";80
"2046";"2nd";"Female";"Adult";"Yes";80
"2047";"2nd";"Female";"Adult";"Yes";80
"2048";"2nd";"Female";"Adult";"Yes";80
"2049";"2nd";"Female";"Adult";"Yes";80
"2050";"2nd";"Female";"Adult";"Yes";80
"2051";"2nd";"Female";"Adult";"Yes";80
"2052";"2nd";"Female";"Adult";"Yes";80
"2053";"2nd";"Female";"Adult";"Yes";80
"2054";"2nd";"Female";"Adult";"Yes";80
"2055";"2nd";"Female";"Adult";"Yes";80
"2056";"2nd";"Female";"Adult";"Yes";80
"2057";"2nd";"Female";"Adult";"Yes";80
"2058";"2nd";"Female";"Adult";"Yes";80
"2059";"2nd";"Female";"Adult";"Yes";80
"2060";"2nd";"Female";"Adult";"Yes";80
"2061";"2nd";"Female";"Adult";"Yes";80
"2062";"2nd";"Female";"Adult";"Yes";80
"2063";"2nd";"Female";"Adult";"Yes";80
"2064";"2nd";"Female";"Adult";"Yes";80
"2065";"2nd";"Female";"Adult";"Yes";80
"2066";"2nd";"Female";"Adult";"Yes";80
"2067";"2nd";"Female";"Adult";"Yes";80
"2068";"2nd";"Female";"Adult";"Yes";80
"2069";"2nd";"Female";"Adult";"Yes";80
"2070";"2nd";"Female";"Adult";"Yes";80
"2071";"2nd";"Female";"Adult";"Yes";80
"2072";"2nd";"Female";"Adult";"Yes";80
"2073";"2nd";"Female";"Adult";"Yes";80
"2074";"2nd";"Female";"Adult";"Yes";80
"2075";"2nd";"Female";"Adult";"Yes";80
"2076";"2nd";"Female";"Adult";"Yes";80
"2077";"2nd";"Female";"Adult";"Yes";80
"2078";"2nd";"Female";"Adult";"Yes";80
"2079";"2nd";"Female";"Adult";"Yes";80
"2080";"2nd";"Female";"Adult";"Yes";80
"2081";"2nd";"Female";"Adult";"Yes";80
"2082";"2nd";"Female";"Adult";"Yes";80
"2083";"2nd";"Female";"Adult";"Yes";80
"2084";"2nd";"Female";"Adult";"Yes";80
"2085";"2nd";"Female";"Adult";"Yes";80
"2086";"2nd";"Female";"Adult";"Yes";80
"2087";"2nd";"Female";"Adult";"Yes";80
"2088";"2nd";"Female";"Adult";"Yes";80
"2089";"2nd";"Female";"Adult";"Yes";80
"2090";"2nd";"Female";"Adult";"Yes";80
"2091";"2nd";"Female";"Adult";"Yes";80
"2092";"2nd";"Female";"Adult";"Yes";80
"2093";"2nd";"Female";"Adult";"Yes";80
"2094";"2nd";"Female";"Adult";"Yes";80
"2095";"2nd";"Female";"Adult";"Yes";80
"2096";"2nd";"Female";"Adult";"Yes";80
"2097";"2nd";"Female";"Adult";"Yes";80
"2098";"2nd";"Female";"Adult";"Yes";80
"2099";"2nd";"Female";"Adult";"Yes";80
"2100";"2nd";"Female";"Adult";"Yes";80
"2101";"2nd";"Female";"Adult";"Yes";80
"2102";"2nd";"Female";"Adult";"Yes";80
"2103";"2nd";"Female";"Adult";"Yes";80
"2104";"2nd";"Female";"Adult";"Yes";80
"2105";"2nd";"Female";"Adult";"Yes";80
"2106";"3rd";"Female";"Adult";"Yes";76
"2107";"3rd";"Female";"Adult";"Yes";76
"2108";"3rd";"Female";"Adult";"Yes";76
"2109";"3rd";"Female";"Adult";"Yes";76
"2110";"3rd";"Female";"Adult";"Yes";76
"2111";"3rd";"Female";"Adult";"Yes";76
"2112";"3rd";"Female";"Adult";"Yes";76
"2113";"3rd";"Female";"Adult";"Yes";76
"2114";"3rd";"Female";"Adult";"Yes";76
"2115";"3rd";"Female";"Adult";"Yes";76
"2116";"3rd";"Female";"Adult";"Yes";76
"2117";"3rd";"Female";"Adult";"Yes";76
"2118";"3rd";"Female";"Adult";"Yes";76
"2119";"3rd";"Female";"Adult";"Yes";76
"2120";"3rd";"Female";"Adult";"Yes";76
"2121";"3rd";"Female";"Adult";"Yes";76
"2122";"3rd";"Female";"Adult";"Yes";76
"2123";"3rd";"Female";"Adult";"Yes";76
"2124";"3rd";"Female";"Adult";"Yes";76
"2125";"3rd";"Female";"Adult";"Yes";76
"2126";"3rd";"Female";"Adult";"Yes";76
"2127";"3rd";"Female";"Adult";"Yes";76
"2128";"3rd";"Female";"Adult";"Yes";76
"2129";"3rd";"Female";"Adult";"Yes";76
"2130";"3rd";"Female";"Adult";"Yes";76
"2131";"3rd";"Female";"Adult";"Yes";76
"2132";"3rd";"Female";"Adult";"Yes";76
"2133";"3rd";"Female";"Adult";"Yes";76
"2134";"3rd";"Female";"Adult";"Yes";76
"2135";"3rd";"Female";"Adult";"Yes";76
"2136";"3rd";"Female";"Adult";"Yes";76
"2137";"3rd";"Female";"Adult";"Yes";76
"2138";"3rd";"Female";"Adult";"Yes";76
"2139";"3rd";"Female";"Adult";"Yes";76
"2140";"3rd";"Female";"Adult";"Yes";76
"2141";"3rd";"Female";"Adult";"Yes";76
"2142";"3rd";"Female";"Adult";"Yes";76
"2143";"3rd";"Female";"Adult";"Yes";76
"2144";"3rd";"Female";"Adult";"Yes";76
"2145";"3rd";"Female";"Adult";"Yes";76
"2146";"3rd";"Female";"Adult";"Yes";76
"2147";"3rd";"Female";"Adult";"Yes";76
"2148";"3rd";"Female";"Adult";"Yes";76
"2149";"3rd";"Female";"Adult";"Yes";76
"2150";"3rd";"Female";"Adult";"Yes";76
"2151";"3rd";"Female";"Adult";"Yes";76
"2152";"3rd";"Female";"Adult";"Yes";76
"2153";"3rd";"Female";"Adult";"Yes";76
"2154";"3rd";"Female";"Adult";"Yes";76
"2155";"3rd";"Female";"Adult";"Yes";76
"2156";"3rd";"Female";"Adult";"Yes";76
"2157";"3rd";"Female";"Adult";"Yes";76
"2158";"3rd";"Female";"Adult";"Yes";76
"2159";"3rd";"Female";"Adult";"Yes";76
"2160";"3rd";"Female";"Adult";"Yes";76
"2161";"3rd";"Female";"Adult";"Yes";76
"2162";"3rd";"Female";"Adult";"Yes";76
"2163";"3rd";"Female";"Adult";"Yes";76
"2164";"3rd";"Female";"Adult";"Yes";76
"2165";"3rd";"Female";"Adult";"Yes";76
"2166";"3rd";"Female";"Adult";"Yes";76
"2167";"3rd";"Female";"Adult";"Yes";76
"2168";"3rd";"Female";"Adult";"Yes";76
"2169";"3rd";"Female";"Adult";"Yes";76
"2170";"3rd";"Female";"Adult";"Yes";76
"2171";"3rd";"Female";"Adult";"Yes";76
"2172";"3rd";"Female";"Adult";"Yes";76
"2173";"3rd";"Female";"Adult";"Yes";76
"2174";"3rd";"Female";"Adult";"Yes";76
"2175";"3rd";"Female";"Adult";"Yes";76
"2176";"3rd";"Female";"Adult";"Yes";76
"2177";"3rd";"Female";"Adult";"Yes";76
"2178";"3rd";"Female";"Adult";"Yes";76
"2179";"3rd";"Female";"Adult";"Yes";76
"2180";"3rd";"Female";"Adult";"Yes";76
"2181";"3rd";"Female";"Adult";"Yes";76
"2182";"Crew";"Female";"Adult";"Yes";20
"2183";"Crew";"Female";"Adult";"Yes";20
"2184";"Crew";"Female";"Adult";"Yes";20
"2185";"Crew";"Female";"Adult";"Yes";20
"2186";"Crew";"Female";"Adult";"Yes";20
"2187";"Crew";"Female";"Adult";"Yes";20
"2188";"Crew";"Female";"Adult";"Yes";20
"2189";"Crew";"Female";"Adult";"Yes";20
"2190";"Crew";"Female";"Adult";"Yes";20
"2191";"Crew";"Female";"Adult";"Yes";20
"2192";"Crew";"Female";"Adult";"Yes";20
"2193";"Crew";"Female";"Adult";"Yes";20
"2194";"Crew";"Female";"Adult";"Yes";20
"2195";"Crew";"Female";"Adult";"Yes";20
"2196";"Crew";"Female";"Adult";"Yes";20
"2197";"Crew";"Female";"Adult";"Yes";20
"2198";"Crew";"Female";"Adult";"Yes";20
"2199";"Crew";"Female";"Adult";"Yes";20
"2200";"Crew";"Female";"Adult";"Yes";20
"2201";"Crew";"Female";"Adult";"Yes";20
